image_path,score
all_images/rank_1951_866b2ee38e64900a.jpeg,2.98
all_images/rank_1610_ba00df5d2280ec07.jpeg,4.56
all_images/rank_108_0d081ef619d0ac45.jpg,7.81
all_images/rank_1419_75ab1034f3ab5237.jpeg,4.92
all_images/rank_360_0c6327934769e2e0.jpeg,6.83
all_images/rank_1824_90bdbb0ab7d77a12.jpeg,3.89
all_images/rank_772_836931eab6528a41.jpeg,6.0
all_images/rank_1494_7e351f2d19872d18.jpeg,4.7
all_images/rank_52_bb33209237cf9c4a.jpeg,8.29
all_images/rank_1822_0a3dc73964facd6a.jpeg,3.9
all_images/rank_855_da1c7ba388474883.jpeg,5.84
all_images/rank_18_53ec2f4f0ed498a8.jpg,8.8
all_images/rank_1946_6e0760840d464f87.jpeg,3.03
all_images/rank_1453_011927ec75300a52.png,4.85
all_images/rank_1912_71084a3dd873a8a7.jpeg,3.41
all_images/rank_372_8148b79bbb29e154.jpeg,6.79
all_images/rank_1068_dc68be09dd26584d.jpeg,5.42
all_images/rank_1917_2ca129e951dd3661.png,3.38
all_images/rank_1648_61695f377e7b7296.png,4.39
all_images/rank_408_f097fc03e386ff04.jpeg,6.73
all_images/rank_54_cb406f23393dbcc3.jpg,8.27
all_images/rank_1668_021a670c161e1d5e.jpeg,4.32
all_images/rank_1773_4d4eaffa447e1461.jpeg,4.11
all_images/rank_1936_eadb9661a7f73dc2.jpeg,3.11
all_images/rank_436_a9c4b602dd75a306.jpg,6.69
all_images/rank_1643_d16abae1116b8960.jpeg,4.41
all_images/rank_608_a77f0a25b7b497ae.jpeg,6.34
all_images/rank_1464_8c8bb802b1080456.jpeg,4.8
all_images/rank_1642_10f11c9109430ebd.jpeg,4.43
all_images/rank_1575_51ad398331c93366.jpeg,4.6
all_images/rank_643_c39ae135c51c6b24.jpg,6.31
all_images/rank_968_02798467c6f17be6.png,5.65
all_images/rank_1501_66acb57375034a29.jpeg,4.7
all_images/rank_1469_254c46bad7470fa7.jpeg,4.78
all_images/rank_346_d70f36b6cd52d20e.jpeg,6.93
all_images/rank_1503_02d6be26719c17d8.jpeg,4.69
all_images/rank_1283_3dd7787c6e716459.jpeg,5.08
all_images/rank_504_0b0f4f1f160acb1d.jpeg,6.54
all_images/rank_1705_eb927c4d342685ae.jpeg,4.26
all_images/rank_1792_97e1d0dfddbd1c18.jpeg,4.02
all_images/rank_1_1cb18b91ecbd05f0.jpg,10.0
all_images/rank_10_f59a943fe99aca21.jpg,9.37
all_images/rank_5_ed3da51ae3dfb7d9.jpeg,9.65
all_images/rank_775_50010803d229d9e0.jpeg,5.99
all_images/rank_1062_1a9feb4876864f9c.jpeg,5.45
all_images/rank_963_118bd7877f5e15f1.jpeg,5.65
all_images/rank_626_dab5243bc3e71b33.jpg,6.33
all_images/rank_353_879e128b7e0c5abd.jpeg,6.87
all_images/rank_1414_336c8f8678ed04a8.jpeg,4.92
all_images/rank_1160_bbc4782c3cb1fba3.jpeg,5.32
all_images/rank_1287_346eee8d5bea74db.jpeg,5.06
all_images/rank_527_22661f8bce4612e8.jpeg,6.45
all_images/rank_1373_02e4c07a6effacb8.jpeg,4.97
all_images/rank_888_1738e868b302071f.jpeg,5.72
all_images/rank_1147_120c1421adaef3aa.jpeg,5.33
all_images/rank_128_a02a1b9c52c22405.jpeg,7.67
all_images/rank_641_1c84555169bfedc7.jpeg,6.31
all_images/rank_1581_16a286cd190549be.jpeg,4.59
all_images/rank_1465_ffc3cee36cce37d0.jpeg,4.8
all_images/rank_1184_d2ffc707bd814604.jpeg,5.3
all_images/rank_859_4bee46fe3374c997.jpeg,5.8
all_images/rank_1423_f5c587003ad11fc9.jpeg,4.91
all_images/rank_1281_e1dfe372f013af8a.jpeg,5.08
all_images/rank_1302_ffdba5898cea7b34.jpeg,5.03
all_images/rank_1694_dbea9912d4bd60d3.jpeg,4.27
all_images/rank_1162_f8d62a28686f443a.jpeg,5.32
all_images/rank_1358_85bfe9663227f59b.jpeg,4.98
all_images/rank_209_3802fba949c77ef3.jpeg,7.32
all_images/rank_917_a71e95f28f561cc3.jpeg,5.68
all_images/rank_984_0b0a99bd6f29e85b.jpeg,5.64
all_images/rank_1328_4074e828b88ace9b.jpeg,5.01
all_images/rank_1304_f926ec1d8a777d6d.jpeg,5.03
all_images/rank_1005_d9e5f22772a147f3.jpeg,5.62
all_images/rank_382_4550bc1e3aedb043.jpeg,6.77
all_images/rank_849_9d8344ab568be2c7.jpeg,5.87
all_images/rank_910_4886ca2ce8d8451f.jpeg,5.69
all_images/rank_115_d4e18f2f4a4af654.jpeg,7.79
all_images/rank_674_1a7b967fba30ab6c.jpeg,6.28
all_images/rank_249_07ab2459f47dcbcd.jpg,7.13
all_images/rank_282_2e30f571702f8877.jpeg,7.07
all_images/rank_1174_7ffaa3e40ba6fad8.jpeg,5.31
all_images/rank_1099_92d04378bf1f3cca.jpg,5.36
all_images/rank_276_a80e9d95af964708.jpeg,7.07
all_images/rank_926_5760c420b0252150.jpeg,5.68
all_images/rank_311_3baab9964750901b.jpeg,7.03
all_images/rank_767_d9b0467da4d91b13.jpeg,6.0
all_images/rank_1930_fa96b4d3f5e8c9c7.png,3.17
all_images/rank_546_11ec8e748d7fa847.jpeg,6.41
all_images/rank_217_38fa3e5053e5cace.jpeg,7.27
all_images/rank_770_01450f7db6a73c22.jpeg,6.0
all_images/rank_902_d6469ea9d767d2ff.jpeg,5.7
all_images/rank_1131_7c066554e006bd28.jpeg,5.34
all_images/rank_1368_ea27d5c576098316.jpeg,4.97
all_images/rank_1204_0a92e4c1ccf78baf.jpeg,5.28
all_images/rank_1530_a251923ac4ee5142.jpeg,4.66
all_images/rank_1408_6c161608a938323b.jpeg,4.93
all_images/rank_1835_db9ded1c4b424d01.png,3.86
all_images/rank_1486_8022ebbbd15851b7.jpeg,4.74
all_images/rank_788_d68534bb82cbea45.jpg,5.98
all_images/rank_1144_e5a8ccba1c22a4e0.jpeg,5.33
all_images/rank_1765_9050372b12fc02d0.jpeg,4.16
all_images/rank_369_eb842c3360fd70da.jpg,6.8
all_images/rank_1934_17ef09907bdc69a6.jpeg,3.14
all_images/rank_697_1e8d2a31ee747195.jpeg,6.13
all_images/rank_793_8beb1d9eb06b0709.jpg,5.98
all_images/rank_1945_fad9208c630f10f1.png,3.05
all_images/rank_237_88608e8a35c8494d.jpeg,7.15
all_images/rank_1795_c979bab8265d3f2c.jpeg,4.02
all_images/rank_907_72b8cbd04393d17b.jpeg,5.69
all_images/rank_1574_002f1f0199e9ece9.jpeg,4.6
all_images/rank_1702_574708c271fa8f10.png,4.26
all_images/rank_794_a44ec45a6930362c.jpg,5.98
all_images/rank_523_e6ecb6b0611b6c13.jpeg,6.46
all_images/rank_1235_034d242e38160019.jpeg,5.24
all_images/rank_331_ada43b154c9e7efa.jpeg,6.99
all_images/rank_876_98123f2e6d3be236.jpg,5.75
all_images/rank_1721_d44cd5c3e2314fd0.jpeg,4.24
all_images/rank_534_f55b24de5bb3a1a1.jpeg,6.44
all_images/rank_1713_f69d7eb6a4ea78f0.jpeg,4.25
all_images/rank_830_49c7dcb35385ce1d.jpg,5.93
all_images/rank_1080_b97965902a6b53be.jpeg,5.39
all_images/rank_274_ddc0350e2538ad97.jpeg,7.08
all_images/rank_1869_4b2239af8e3e7149.jpeg,3.7
all_images/rank_1791_a08ba296c339e3f5.jpeg,4.03
all_images/rank_359_1d45ed79136abbc4.png,6.83
all_images/rank_944_ad6f5f5f643287e9.jpeg,5.68
all_images/rank_537_6f4a86978db55add.jpeg,6.43
all_images/rank_1841_42ceaea3374b8bc4.jpeg,3.83
all_images/rank_1711_d02ec16d7393ef63.jpeg,4.25
all_images/rank_875_09a217564b73e569.jpeg,5.75
all_images/rank_175_b4e0913908bd96c8.jpg,7.45
all_images/rank_118_8b0f2adb6c30aa3b.jpg,7.78
all_images/rank_1572_286b52a12a1247cf.jpeg,4.6
all_images/rank_1949_5a297a80e248714c.jpeg,3.01
all_images/rank_1972_683f9334c132a56b.jpeg,2.28
all_images/rank_134_d30d7a99a201b3d4.jpg,7.62
all_images/rank_516_dcad543e53d36dab.jpeg,6.47
all_images/rank_364_58ed013778673e6f.jpeg,6.81
all_images/rank_1973_a73687210d920678.jpeg,2.25
all_images/rank_1753_bf8c77931d4fdcae.jpeg,4.18
all_images/rank_1163_f1d99d6e46874419.jpeg,5.32
all_images/rank_154_5b82ae8817d91514.jpeg,7.49
all_images/rank_826_125987055c7b142e.jpg,5.94
all_images/rank_670_4b371965b4f5c168.jpeg,6.29
all_images/rank_1085_8b7fce788412b69c.jpeg,5.38
all_images/rank_1511_6f126cb8d95695ab.jpeg,4.68
all_images/rank_880_7ac33b804159ffc6.jpeg,5.74
all_images/rank_1548_46666e8df57033d0.jpeg,4.64
all_images/rank_1455_c8607fb88ade32dd.jpeg,4.83
all_images/rank_1847_6a0b26fc382f0ce4.jpeg,3.8
all_images/rank_313_a08a4d447e5783c9.jpg,7.03
all_images/rank_632_093984d2f427913c.jpeg,6.32
all_images/rank_781_1692fe4aee457e73.jpeg,5.99
all_images/rank_846_72bb2e74d950ee8e.jpeg,5.89
all_images/rank_1102_b301ecf50059de1a.jpeg,5.36
all_images/rank_461_0f3e940835e8ccf2.jpg,6.65
all_images/rank_1821_97add7bb874f6b5c.jpeg,3.91
all_images/rank_1084_ad5f076638458dc2.jpeg,5.38
all_images/rank_107_49dbe509671ba11e.jpg,7.82
all_images/rank_1213_41013d1af8ea6e6e.jpeg,5.27
all_images/rank_993_17c14d556ade5d0c.jpeg,5.63
all_images/rank_583_285194909619ac18.jpeg,6.36
all_images/rank_731_60c2442e6d7ac522.jpeg,6.04
all_images/rank_1941_0f1642be74da3059.jpeg,3.06
all_images/rank_894_f09143ae74b1b55e.jpeg,5.71
all_images/rank_446_772d74873cbe243b.jpg,6.68
all_images/rank_1306_f9c2b78547036451.jpeg,5.03
all_images/rank_130_58efe6c0af08c0ca.jpg,7.65
all_images/rank_329_5ed43101df370576.jpeg,6.99
all_images/rank_1098_3548287e5fdef7f2.jpeg,5.36
all_images/rank_203_6cb88aabbfd6b8ab.jpeg,7.35
all_images/rank_302_77fdf4c66d5695b8.jpeg,7.04
all_images/rank_1649_7ca503023a0897a9.jpeg,4.38
all_images/rank_819_34ee08d9579488e4.jpeg,5.96
all_images/rank_1444_b201f9a6461e17cc.jpg,4.87
all_images/rank_390_5e2f295364557dfe.jpeg,6.76
all_images/rank_746_ebcbde256b9b4d1f.jpeg,6.02
all_images/rank_456_f81a0cea32b3f7da.jpeg,6.66
all_images/rank_972_bc227dd392f07f1a.jpeg,5.65
all_images/rank_1796_46995a6d39466698.jpeg,4.02
all_images/rank_1889_53d686c13816d704.jpeg,3.57
all_images/rank_931_5f579f2a6be57417.png,5.68
all_images/rank_1217_e3376dd2cbcc30ac.jpeg,5.26
all_images/rank_201_777ad0df4e47d006.jpeg,7.35
all_images/rank_1277_0061e64aec2b709b.jpeg,5.11
all_images/rank_465_40c49d3b682be57e.jpeg,6.65
all_images/rank_180_b385040427718582.jpg,7.43
all_images/rank_1545_f841aca29b3ef421.jpeg,4.64
all_images/rank_356_a87fa4d61a358308.png,6.85
all_images/rank_1346_c047c5bd23087f17.jpeg,5.0
all_images/rank_1552_eed18e48f7228d52.jpeg,4.63
all_images/rank_1674_84af5eebe17d354f.jpeg,4.3
all_images/rank_581_55798defe1ca7a55.jpeg,6.36
all_images/rank_73_79e6c2dc04c447fe.jpg,8.04
all_images/rank_1614_6eb9d6a1adafe4d1.jpeg,4.55
all_images/rank_949_2b9f60e89b9d11a3.jpeg,5.67
all_images/rank_307_dce01ac75f87f43c.jpeg,7.04
all_images/rank_864_2b0039fdbb3d517d.jpeg,5.78
all_images/rank_131_a22e0c7744e001dd.jpeg,7.65
all_images/rank_1031_6f776bdceaf26b9b.jpeg,5.58
all_images/rank_1760_393ed6bd47301c93.jpeg,4.17
all_images/rank_699_cbf954b6b4cf1fe5.jpeg,6.13
all_images/rank_1394_9aa039e83fcccdf2.jpeg,4.94
all_images/rank_1246_a27d1b9926937840.jpeg,5.22
all_images/rank_1101_7a34c879a72a4345.jpeg,5.36
all_images/rank_1402_ec6541d6be87d982.jpeg,4.94
all_images/rank_1968_fd8ee13da898ee61.jpeg,2.44
all_images/rank_1106_e3cd307559d9d941.jpeg,5.36
all_images/rank_25_39fbfaa604e191f3.jpg,8.65
all_images/rank_1047_9956666755e468e0.jpeg,5.54
all_images/rank_90_ebf79b682e65fad8.jpeg,7.91
all_images/rank_761_be4dc5b256846f70.jpg,6.01
all_images/rank_342_80846897f1cffc1e.jpg,6.96
all_images/rank_1117_229fbd9919535f0d.jpeg,5.35
all_images/rank_542_3a0a2f85dc09c99b.jpeg,6.41
all_images/rank_696_0ce82727d7b88d6b.jpeg,6.13
all_images/rank_1270_a0db43a29253e008.jpg,5.15
all_images/rank_865_7e6fa2701e4eaa77.jpg,5.78
all_images/rank_1057_0578a4e0befaf555.jpeg,5.46
all_images/rank_1623_0718fa04459d0db1.jpeg,4.52
all_images/rank_1832_5dd7efe085b06a8c.jpeg,3.87
all_images/rank_988_f76540686129f7ea.jpeg,5.64
all_images/rank_778_34fd51de626c2199.jpeg,5.99
all_images/rank_1692_69671153f59b068f.jpeg,4.27
all_images/rank_747_4acb2366f489ff68.jpeg,6.02
all_images/rank_791_cedd44a63350d68b.jpeg,5.98
all_images/rank_147_8ed1a2847dae25ca.png,7.52
all_images/rank_365_1361d22db5b79c25.jpg,6.81
all_images/rank_911_162148d5a4476f2a.jpeg,5.69
all_images/rank_742_2ace7309034c9f8e.jpeg,6.03
all_images/rank_376_e318cc386f8e830d.jpeg,6.78
all_images/rank_3_47554c6964173c40.jpg,9.91
all_images/rank_769_3a9868b4f92d019d.jpeg,6.0
all_images/rank_1353_221682831d6bc8ea.jpeg,4.99
all_images/rank_648_b46b8dfb69d3d683.jpg,6.31
all_images/rank_829_4764adf136416ba6.jpeg,5.94
all_images/rank_1922_8e89fa6eefd678ee.jpeg,3.29
all_images/rank_1250_ee8cccc752c5197b.jpeg,5.21
all_images/rank_1589_1bbd1a1a473a182f.jpeg,4.59
all_images/rank_745_96400ef689b8fd06.jpeg,6.02
all_images/rank_1698_4326285ac34f0f91.jpeg,4.27
all_images/rank_729_846bf9d494ff38a4.jpeg,6.05
all_images/rank_1788_8408737e81684d4b.jpeg,4.06
all_images/rank_1288_28e477c3f0874ec6.jpeg,5.06
all_images/rank_616_b11cc7caed7d5c97.jpeg,6.33
all_images/rank_1923_842bdd695c9266e7.jpeg,3.29
all_images/rank_176_0aa3db61e43b750f.jpg,7.44
all_images/rank_1592_512af389e4f2b1d5.jpeg,4.58
all_images/rank_1554_a66276684ed86125.jpeg,4.63
all_images/rank_1745_2e5a14bdd6003b48.jpeg,4.19
all_images/rank_1884_7d8a5b099224b86b.jpeg,3.62
all_images/rank_1764_40165460f4b1c944.jpeg,4.16
all_images/rank_1696_898c3aa3b0aab8ea.jpeg,4.27
all_images/rank_122_e4ed8d6e5dac92b6.jpeg,7.75
all_images/rank_445_8f5339425bd8b620.jpeg,6.68
all_images/rank_673_928007ac2601903a.jpg,6.28
all_images/rank_1256_552a873a7d5241f6.jpeg,5.19
all_images/rank_914_6215b920ac6c5576.jpeg,5.69
all_images/rank_639_9f26bc1c5f0dcb70.jpg,6.31
all_images/rank_854_52be1d4725143515.jpeg,5.84
all_images/rank_489_194fd081b17f2404.jpg,6.6
all_images/rank_1669_b7ffe49451258227.jpeg,4.32
all_images/rank_1241_cff10ff7744abaa0.jpeg,5.23
all_images/rank_1544_fe826028a6aad9ff.jpeg,4.64
all_images/rank_771_ac0f7c35b3b50f9b.jpeg,6.0
all_images/rank_193_14a56b21a98c5e43.png,7.38
all_images/rank_425_6c593565f502e22d.jpeg,6.71
all_images/rank_1234_435b3685ec8eb8a5.jpeg,5.24
all_images/rank_564_60e412fb31250790.jpeg,6.37
all_images/rank_664_657339d329e339ad.jpg,6.29
all_images/rank_1935_f18a954c120d5433.jpeg,3.11
all_images/rank_655_cf1b6807b98ee3ef.jpg,6.3
all_images/rank_322_8159c58f72034724.jpeg,7.0
all_images/rank_1405_87b06bce27b1b946.jpeg,4.93
all_images/rank_206_e663858db3859619.jpg,7.34
all_images/rank_1762_4665f2910f649103.jpeg,4.17
all_images/rank_1326_03cd4aad757f1f9d.jpeg,5.01
all_images/rank_235_6215da78886c364b.jpg,7.15
all_images/rank_161_9cdfc02306c73ec4.png,7.48
all_images/rank_1781_c49e2b5ff23d6c21.jpeg,4.1
all_images/rank_471_7e650299a310b16a.jpeg,6.64
all_images/rank_588_67870ecb923a8b56.jpg,6.36
all_images/rank_391_19d302982a4ea65e.jpeg,6.76
all_images/rank_1883_9129a34d09012e9b.jpeg,3.63
all_images/rank_938_657bd7d94fea6ef3.jpeg,5.68
all_images/rank_1077_04064e1fbb781887.jpeg,5.4
all_images/rank_840_a9ed6c96ed607206.jpeg,5.92
all_images/rank_1416_1798e682695e76e8.jpeg,4.92
all_images/rank_1848_a5cf0e22d5cf65c5.jpeg,3.8
all_images/rank_1789_8c44eca78ebec9ab.jpeg,4.06
all_images/rank_210_89c18ab10098394f.jpeg,7.32
all_images/rank_1362_ff81a878dc435c64.jpeg,4.98
all_images/rank_526_f1b06f4936e7d600.jpeg,6.46
all_images/rank_1074_549b389d4e0a55cf.jpg,5.4
all_images/rank_150_ac4fc3fc7b1e68d4.jpg,7.51
all_images/rank_831_3038ae4184158a56.jpeg,5.93
all_images/rank_437_b19aa87770d17604.jpg,6.69
all_images/rank_969_85e0a6cae7ad611c.jpeg,5.65
all_images/rank_418_b173f0fbc4eca6e1.jpeg,6.72
all_images/rank_1061_c5537eb2cf42a979.jpg,5.45
all_images/rank_1198_d3ebecb2624936f8.jpeg,5.28
all_images/rank_392_b88f9f18414479fc.jpeg,6.76
all_images/rank_482_b6babf4b72ae79bc.jpeg,6.62
all_images/rank_1104_bf0f83b21497388b.jpeg,5.36
all_images/rank_1685_545788e6a752e927.jpeg,4.29
all_images/rank_1339_c2c8a23b55a29b82.jpeg,5.0
all_images/rank_1976_216491157a76de10.jpeg,2.07
all_images/rank_1377_8ee46a9d238d5cd4.jpeg,4.97
all_images/rank_388_7dd34a1289b86f20.jpeg,6.76
all_images/rank_4_99c8c04bc6dab7fd.jpg,9.72
all_images/rank_1073_3acda3aa21389090.jpeg,5.4
all_images/rank_905_d8bfdda4b80e72c6.jpeg,5.7
all_images/rank_680_b431d83652233acf.jpg,6.25
all_images/rank_1342_be159edc542702da.jpeg,5.0
all_images/rank_226_5cab59c5116c3215.jpeg,7.18
all_images/rank_355_33f66c778c8a2852.jpeg,6.87
all_images/rank_628_8e16711cc1c03b54.jpeg,6.33
all_images/rank_1697_3985c2056b5d5419.jpeg,4.27
all_images/rank_1970_7b627c4ee5a6b3a1.jpeg,2.29
all_images/rank_1493_c30fab7318c7cced.jpeg,4.7
all_images/rank_231_4ba4da4f51337918.jpeg,7.17
all_images/rank_1476_57a487902d135283.jpeg,4.76
all_images/rank_1815_c485b89ba66a559c.jpeg,3.92
all_images/rank_1804_5532e07c1ef33a35.jpeg,3.96
all_images/rank_1914_1c2f9587834db0af.jpeg,3.4
all_images/rank_1709_404c5b6d75fe89eb.jpeg,4.25
all_images/rank_1064_a9fa13035dcc2afe.jpeg,5.44
all_images/rank_1171_168a08770a0e4038.jpeg,5.31
all_images/rank_270_f3eb480931e30d48.jpeg,7.09
all_images/rank_361_5f0dcf655a87a36a.png,6.82
all_images/rank_561_c00a88c152496832.jpeg,6.39
all_images/rank_928_a6d2a8e06c9d197f.jpeg,5.68
all_images/rank_1601_6316018676ef6590.jpg,4.57
all_images/rank_1298_8e74a64242d6c98a.jpeg,5.04
all_images/rank_1863_c253a6a82c634a6d.jpg,3.72
all_images/rank_77_1c33ec2b7cedbfff.jpeg,7.96
all_images/rank_401_a8c296d0738ace1f.jpg,6.75
all_images/rank_1586_9fd616281be28156.jpeg,4.59
all_images/rank_513_238fadc4b2678ac9.jpeg,6.49
all_images/rank_1295_eefce6ef2b245b84.jpeg,5.04
all_images/rank_1424_bc7477ebd6e1151d.jpeg,4.91
all_images/rank_814_17a324d8b0b75aa8.jpeg,5.96
all_images/rank_459_203dbcb4b924dc78.jpg,6.66
all_images/rank_955_255f235f9b33b94a.jpeg,5.66
all_images/rank_114_f24c1d533e085522.jpeg,7.79
all_images/rank_321_a628728a2a23503c.png,7.0
all_images/rank_1736_5126a17b841b6b27.jpeg,4.21
all_images/rank_1320_95fb25133a126c58.jpeg,5.01
all_images/rank_88_46cb40282c7a9db4.jpg,7.91
all_images/rank_522_ce85bd98fdf02dad.jpeg,6.46
all_images/rank_324_5ce3d810fc381c17.jpg,7.0
all_images/rank_755_5adedf74c9395988.jpeg,6.01
all_images/rank_669_0fada5ce31e66a01.jpeg,6.29
all_images/rank_550_b860e4b96e0e3570.jpeg,6.4
all_images/rank_492_ca07f4a0047f69c1.jpg,6.58
all_images/rank_1175_9e45ad26f36aacfc.jpeg,5.31
all_images/rank_1120_4914c0ef257a1a7a.jpeg,5.35
all_images/rank_86_b31b9202308f83c6.jpg,7.92
all_images/rank_1195_e83455c283c7f925.jpeg,5.29
all_images/rank_798_9170c1bff3328ac2.jpeg,5.98
all_images/rank_1834_17736b3a3b53afd3.jpeg,3.86
all_images/rank_1143_a26e2ef5ee77147b.jpeg,5.33
all_images/rank_262_db2efa8c9316406c.jpeg,7.11
all_images/rank_1616_abb712dc7e8ea7f8.jpeg,4.54
all_images/rank_1070_a479cd15e501032d.jpeg,5.41
all_images/rank_1400_0d880ec746eb5faf.jpeg,4.94
all_images/rank_560_d12e6416bc13c177.jpeg,6.39
all_images/rank_1505_f60ecd5e9fb1ba8e.jpeg,4.69
all_images/rank_1466_63c8cfcefcf6ff00.jpeg,4.79
all_images/rank_1310_41961ba7b0091ab2.jpeg,5.03
all_images/rank_1337_28f58acda0cca2d3.jpeg,5.0
all_images/rank_603_119812380c396295.jpeg,6.34
all_images/rank_1367_1a979c32f2bb91aa.jpeg,4.97
all_images/rank_229_24d96ed1bff12372.jpeg,7.17
all_images/rank_1520_573c5e355dc150e0.png,4.67
all_images/rank_1404_4a5440cf654459ce.jpeg,4.93
all_images/rank_844_78bc6f45f3151571.jpeg,5.91
all_images/rank_1924_00faf3df3e9775d9.jpeg,3.28
all_images/rank_1611_dee42b061aa50359.jpeg,4.56
all_images/rank_1873_f3c826826e41e929.jpeg,3.68
all_images/rank_59_e46cd2ed68a1899b.jpeg,8.24
all_images/rank_691_8921169345835d04.jpeg,6.18
all_images/rank_1782_7c844eb47f01ce0a.jpeg,4.09
all_images/rank_1727_9c64a0de104aff78.jpeg,4.23
all_images/rank_506_2bc459d2ade9d723.jpg,6.53
all_images/rank_1890_638a7f77c77eb2f3.jpeg,3.57
all_images/rank_1661_27830417999308a7.jpeg,4.34
all_images/rank_1566_5bf28fcc2a0b5a40.jpeg,4.62
all_images/rank_976_84d3bbd6ab90c9f9.jpeg,5.65
all_images/rank_832_ad4f9c2f41b34219.jpeg,5.93
all_images/rank_434_99a860c58473d2fa.jpeg,6.69
all_images/rank_20_50a16e8c98b74577.jpg,8.76
all_images/rank_1340_0694c28c0b850f13.jpeg,5.0
all_images/rank_661_0de0d560a38a5935.jpg,6.3
all_images/rank_1313_a7951f0fb9e1b932.jpeg,5.02
all_images/rank_1679_6230ef5e9aefc73b.jpeg,4.29
all_images/rank_338_5df7ae7b95775c6c.jpg,6.97
all_images/rank_1549_6a046a918610cb25.jpeg,4.64
all_images/rank_997_a6514b64507f1714.jpeg,5.63
all_images/rank_507_d08ba730174f9c2c.jpeg,6.53
all_images/rank_530_e7072ac9f8986856.jpeg,6.44
all_images/rank_1894_d7c82699e0c55a6f.jpeg,3.55
all_images/rank_1322_30a955cf492f8872.jpeg,5.01
all_images/rank_1371_8fdc2b2a3bc0ccb9.jpeg,4.97
all_images/rank_1209_1f997ecebbc73ddf.png,5.28
all_images/rank_1216_24381c84b5b4340a.jpg,5.26
all_images/rank_490_ac1872a3b9538edc.jpg,6.59
all_images/rank_1600_89944d48474373ae.jpeg,4.57
all_images/rank_1329_4db6af222123e1d4.jpeg,5.01
all_images/rank_1473_f40186e9ebc97d3d.jpeg,4.76
all_images/rank_138_d38820cfdc69dbf0.jpeg,7.56
all_images/rank_578_07a74848c323db87.jpg,6.36
all_images/rank_476_7ae55ecf37b776d1.jpeg,6.64
all_images/rank_1009_c3aa236688707c6c.jpeg,5.62
all_images/rank_1724_cc825649336b35cc.jpeg,4.23
all_images/rank_1095_9d1a08acba1f338a.jpeg,5.36
all_images/rank_475_187c30f4f3350aff.jpeg,6.64
all_images/rank_1273_b05cd17ca180211e.jpeg,5.14
all_images/rank_518_aba0885c95d465f2.jpeg,6.47
all_images/rank_1839_cce2fb42efab954a.jpeg,3.83
all_images/rank_11_9105da12db0f2961.jpeg,9.19
all_images/rank_99_d1f1d1f99f0975e5.jpg,7.87
all_images/rank_1958_b577fbe91050a093.jpeg,2.73
all_images/rank_1463_6b343109f9e23f33.jpeg,4.8
all_images/rank_974_cb8509bc17fdab0c.jpeg,5.65
all_images/rank_892_2d1840d21fd236f9.jpeg,5.71
all_images/rank_1460_d1c5fe536111b5ab.jpeg,4.81
all_images/rank_703_785891b5ed09318c.jpeg,6.11
all_images/rank_532_1b5605ad20929e55.jpeg,6.44
all_images/rank_757_a4ca42713a9e822d.jpeg,6.01
all_images/rank_1110_703ff9635b1cb43a.jpeg,5.36
all_images/rank_1931_d4a8c24b1da72abf.jpeg,3.16
all_images/rank_622_e73f11831bb7114b.jpeg,6.33
all_images/rank_1222_c4a3fe2d85c30cd8.jpeg,5.25
all_images/rank_1955_170d5a4e3c0f6f91.jpeg,2.79
all_images/rank_281_e71b4fe18853d8ea.png,7.07
all_images/rank_216_7736d2891aa2d525.jpeg,7.27
all_images/rank_1720_083d80380761d225.jpeg,4.24
all_images/rank_797_5dd226ce89d374a1.jpeg,5.98
all_images/rank_26_a6ac4f74858f2b01.jpg,8.65
all_images/rank_1518_2f793f30e48b87a1.jpeg,4.67
all_images/rank_423_b63fe930f3270895.jpeg,6.71
all_images/rank_1775_a6f5c77f2d140de4.jpeg,4.11
all_images/rank_1682_694eb0cb5595f1de.jpeg,4.29
all_images/rank_922_082dcb38eab1cc9a.jpeg,5.68
all_images/rank_833_459160ba43c67e49.jpeg,5.93
all_images/rank_1348_a7c350a9b4e1f1fb.jpeg,5.0
all_images/rank_1387_8c55aaff5182dfa8.jpeg,4.95
all_images/rank_927_4884eb1ee34c9dcb.jpg,5.68
all_images/rank_618_9c535b5fb0425e99.jpeg,6.33
all_images/rank_1726_76c8fd23a2e116a0.jpeg,4.23
all_images/rank_1617_67387774f0a2c372.jpeg,4.54
all_images/rank_1202_e1869662a4917a4f.jpeg,5.28
all_images/rank_1807_2590156ad1bc0bf3.jpeg,3.96
all_images/rank_1178_7b656d70892e4f2b.jpeg,5.3
all_images/rank_1370_bed1e727af28f765.jpeg,4.97
all_images/rank_1974_b175407c1f33578e.jpeg,2.2
all_images/rank_1840_3b71503c5cff5fde.jpeg,3.83
all_images/rank_989_8a9bece5b8dc5f67.png,5.64
all_images/rank_47_59de66aa22c3b6c0.jpg,8.35
all_images/rank_285_e003a75cb6db9613.jpeg,7.06
all_images/rank_613_5fa82effac492047.jpeg,6.34
all_images/rank_688_ad15098cf1100dcd.jpeg,6.19
all_images/rank_1655_4dd0f74d4b4adc88.jpg,4.35
all_images/rank_319_78cb4584a388f071.jpeg,7.02
all_images/rank_685_5a17a097e47a04cc.png,6.22
all_images/rank_264_484ec616fb1a62eb.jpeg,7.11
all_images/rank_1837_79f0d91d6f8ccbff.jpeg,3.84
all_images/rank_234_1ed8c6a4c674d0a8.jpg,7.16
all_images/rank_1742_2a7c0f21ae3dbf3e.jpeg,4.2
all_images/rank_964_95bdb520b607ce58.jpeg,5.65
all_images/rank_1497_5405445521fa7ab1.jpeg,4.7
all_images/rank_1135_3c0710d8564689fa.jpeg,5.34
all_images/rank_1903_f033358c21474e36.jpeg,3.52
all_images/rank_326_12c08a93d84e6a55.jpg,7.0
all_images/rank_1347_4227dd657753be39.jpeg,5.0
all_images/rank_1913_761e888a14317d11.jpeg,3.41
all_images/rank_466_5ee4952c5b89aa78.jpeg,6.65
all_images/rank_1954_e15cc4800836ecde.jpeg,2.86
all_images/rank_971_d472acab95696719.jpeg,5.65
all_images/rank_146_5beaf7af358401c4.jpeg,7.52
all_images/rank_380_40740630314ef35b.jpeg,6.77
all_images/rank_710_6a51408d1ec83a36.jpeg,6.09
all_images/rank_1479_da01b09b2992ac54.jpeg,4.75
all_images/rank_850_55b7d59084536f6e.jpeg,5.87
all_images/rank_540_4c45f31300405906.jpg,6.42
all_images/rank_1000_68015f6068df3cd1.jpeg,5.63
all_images/rank_1121_f9b044f7bdc3e954.jpeg,5.35
all_images/rank_411_7673cadc58b40b0d.jpg,6.72
all_images/rank_728_6e2ec33cb162b0ea.jpeg,6.05
all_images/rank_1603_1d05b39222e45f30.jpeg,4.57
all_images/rank_712_b629fea81e2c8107.jpeg,6.09
all_images/rank_260_860870aafdc984ff.jpeg,7.11
all_images/rank_1683_3014dc53c19f551d.png,4.29
all_images/rank_1454_c44e3bbebeb1dce2.png,4.84
all_images/rank_494_c697404c4a85321e.jpeg,6.57
all_images/rank_1829_f19349f4e28ad3fd.jpeg,3.88
all_images/rank_341_223f8a9406ec1419.jpeg,6.96
all_images/rank_1888_90e7bec4c72b847f.jpeg,3.6
all_images/rank_1238_aafda9f3232205c0.jpeg,5.23
all_images/rank_940_bc372c387390bf13.jpeg,5.68
all_images/rank_1450_d927e145d08799c6.jpeg,4.86
all_images/rank_178_859a43aa7380874e.jpg,7.44
all_images/rank_236_ec8c1187d7fc17d9.jpeg,7.15
all_images/rank_801_f9b17e56441c9850.jpeg,5.98
all_images/rank_1757_ee04af171ace6dfa.jpeg,4.17
all_images/rank_1886_ce7cdf8495f0d4a7.jpeg,3.62
all_images/rank_740_96394addbd451d99.jpeg,6.03
all_images/rank_85_031a2c3469e8192e.jpeg,7.93
all_images/rank_1570_0d45ae81b62276eb.jpeg,4.61
all_images/rank_495_ab36eeee65a12cbe.jpg,6.56
all_images/rank_1150_dfb46d273013e83f.jpeg,5.33
all_images/rank_1193_57581e6066ac5afd.jpeg,5.3
all_images/rank_662_4272aad91f5658d7.jpeg,6.3
all_images/rank_1253_d31c64c6315fd963.jpeg,5.2
all_images/rank_263_010bc82d22bf1ce8.jpeg,7.11
all_images/rank_1865_b5cf71c0caac9fe3.jpeg,3.71
all_images/rank_13_af6c5b381ab65e25.jpeg,9.12
all_images/rank_1729_0262d30f0cc29a39.jpeg,4.23
all_images/rank_1311_32b0b61a6792bc81.jpeg,5.03
all_images/rank_805_985515f18073063d.jpeg,5.98
all_images/rank_1725_b5e1935018e06f66.png,4.23
all_images/rank_1631_5b46809333061852.jpeg,4.49
all_images/rank_1864_14dd219e070ec8e5.jpeg,3.72
all_images/rank_1904_5f55ff695be482ab.jpeg,3.5
all_images/rank_1887_d2a9dc93cf51af9b.jpeg,3.62
all_images/rank_1425_0d7864a2e44d3ba0.jpeg,4.91
all_images/rank_1265_ffa19ae41c8c3e1c.jpeg,5.16
all_images/rank_83_84fc55bfd79a77bb.jpg,7.95
all_images/rank_918_911a834aff80fcb6.jpeg,5.68
all_images/rank_1799_2e9316d419db2356.jpeg,4.0
all_images/rank_207_c275ee65833c759e.jpeg,7.33
all_images/rank_1132_afa582bebb750272.jpeg,5.34
all_images/rank_1813_ac0c4909ee606f3d.jpeg,3.93
all_images/rank_33_650c3e5d6059f9f5.jpg,8.51
all_images/rank_167_cd65347a08668481.jpg,7.47
all_images/rank_1292_92af6f8dbbf0bc9a.jpeg,5.05
all_images/rank_1020_2f1d1df8a18de5d0.png,5.6
all_images/rank_1133_4042d7a06ccf94dc.jpeg,5.34
all_images/rank_1363_5ce251338e65c3e0.jpeg,4.98
all_images/rank_1156_d87d1b77d40c75d5.jpeg,5.33
all_images/rank_413_67654ef35b7d5953.jpeg,6.72
all_images/rank_1619_f3eba5c0c6720766.jpeg,4.53
all_images/rank_1344_5482142063aa4b26.jpeg,5.0
all_images/rank_273_b96f0fa5ea13ac9d.jpeg,7.08
all_images/rank_730_8d322cb90e415293.jpeg,6.04
all_images/rank_443_be691fac1ffb5c71.jpeg,6.68
all_images/rank_1457_5fc1c96525da47fb.jpeg,4.82
all_images/rank_1563_bd645f18f32216bd.jpeg,4.62
all_images/rank_468_701c210421e080ca.jpeg,6.64
all_images/rank_1977_afae3f36c11d29a7.jpeg,2.03
all_images/rank_1820_2430d8288114bd19.jpeg,3.91
all_images/rank_551_510cfd0658d2ba86.jpeg,6.4
all_images/rank_881_392368c70d5523a9.jpeg,5.74
all_images/rank_1192_fb51e2389fa3f471.png,5.3
all_images/rank_288_259a303778f406c6.jpeg,7.06
all_images/rank_935_293bf5017a9f7aed.jpeg,5.68
all_images/rank_1579_c31fea8c5ad1673c.jpeg,4.59
all_images/rank_660_4572663e43021936.jpeg,6.3
all_images/rank_1882_117a34280c8c520e.jpeg,3.63
all_images/rank_305_aa9a6d66f5442d25.jpeg,7.04
all_images/rank_978_4b362b5560ad41ae.jpeg,5.64
all_images/rank_1748_b7555857cc74008b.jpeg,4.18
all_images/rank_521_acf8bb75c0b8d5dd.png,6.47
all_images/rank_1210_e7b691870b665d7c.jpeg,5.27
all_images/rank_1286_07a71eabb4ea1104.jpeg,5.06
all_images/rank_1565_2e78a327a1855c9f.jpeg,4.62
all_images/rank_1701_527719971ad260bd.jpeg,4.26
all_images/rank_1680_3b637ce482f21565.jpeg,4.29
all_images/rank_120_7954d87d10a88db3.jpeg,7.76
all_images/rank_318_0b0a931405737a81.png,7.02
all_images/rank_1279_0c79989bcf19e187.jpeg,5.1
all_images/rank_722_45d2090869a545f6.jpeg,6.06
all_images/rank_774_e4d311d14617a17d.jpeg,5.99
all_images/rank_179_6e845092100124ca.jpg,7.43
all_images/rank_1427_c3195448c9e9ffca.jpeg,4.91
all_images/rank_29_dd30416113ffa522.jpg,8.58
all_images/rank_1262_d0f5a2b500a7e44c.jpeg,5.18
all_images/rank_943_ff285b8444eff73c.jpeg,5.68
all_images/rank_1447_d33e7930216b0e48.jpg,4.87
all_images/rank_1640_3f6005ec5eb8a27b.jpeg,4.45
all_images/rank_536_9b408946d87d6b8d.jpeg,6.43
all_images/rank_1039_ea1d49c8d9a892f5.jpeg,5.56
all_images/rank_1060_2ba4d491c649d211.jpeg,5.45
all_images/rank_181_e67900e83b6f8ae5.jpeg,7.43
all_images/rank_1969_2be13a48d70d3d73.jpeg,2.3
all_images/rank_505_fa406e21b21d88b2.jpg,6.54
all_images/rank_309_a222e8f948c49f1b.png,7.03
all_images/rank_1082_771a89e69fdbef71.jpeg,5.39
all_images/rank_1439_4ae4666c72f3df3c.jpeg,4.88
all_images/rank_1309_f92ee35a1617df02.jpeg,5.03
all_images/rank_1599_4bd586c2d4370891.jpeg,4.57
all_images/rank_1515_2f6ca20a41bffcab.jpeg,4.67
all_images/rank_548_0d76b579d4f8e396.jpeg,6.4
all_images/rank_1950_19ed59562f0ecf1d.jpeg,2.99
all_images/rank_979_7f6451c99d2a7d7c.png,5.64
all_images/rank_1194_1be907ffffb489d9.jpeg,5.29
all_images/rank_992_fc46d74d3168c0c8.jpg,5.63
all_images/rank_985_2c731601f947f7f4.jpeg,5.64
all_images/rank_887_12052c2705c02bca.jpeg,5.73
all_images/rank_1089_76d441239784a737.jpeg,5.37
all_images/rank_158_644822839cc8cc6b.jpg,7.48
all_images/rank_65_fe41b34c1a931bf0.jpeg,8.21
all_images/rank_1229_fd975e078d9e3079.jpeg,5.25
all_images/rank_72_21c1f48b692450c0.jpeg,8.06
all_images/rank_514_012721308474b333.jpeg,6.48
all_images/rank_1665_4c1f1365cfdc2941.jpeg,4.33
all_images/rank_429_0a4371ec34d6c945.jpg,6.7
all_images/rank_1081_1f42f16e7124f661.jpeg,5.39
all_images/rank_1540_af28e23a2fe47d29.jpeg,4.65
all_images/rank_96_41a682f70e449182.jpeg,7.88
all_images/rank_1919_d01f01e04cf27009.jpg,3.31
all_images/rank_970_def3613989c0fe04.jpeg,5.65
all_images/rank_1384_3f3ae3da40d67119.jpeg,4.96
all_images/rank_852_30a34fa89a059b66.jpeg,5.86
all_images/rank_589_1a4a9258e3873ced.jpeg,6.36
all_images/rank_1115_7fe6ecf2128bef67.jpeg,5.35
all_images/rank_782_0ba1dc791d88de35.jpeg,5.99
all_images/rank_1356_8ad8c01b724d43f8.jpeg,4.99
all_images/rank_1852_1929a1fdab376b25.jpeg,3.79
all_images/rank_1092_4a1cf6b2066c20bd.jpeg,5.37
all_images/rank_347_455dd0befb52eb7a.jpeg,6.92
all_images/rank_1445_561f8c861c79237c.png,4.87
all_images/rank_1688_4db16634f663cc30.jpeg,4.28
all_images/rank_124_dbdd16418f613a98.jpg,7.75
all_images/rank_1707_e665d73ee4c01c17.jpeg,4.26
all_images/rank_1534_475ff45d9415b279.jpeg,4.66
all_images/rank_1376_20e650a5a9252304.jpeg,4.97
all_images/rank_1672_56725a4e00b2c3dd.jpeg,4.31
all_images/rank_1004_fa6c3f7fc73e8e4a.jpeg,5.63
all_images/rank_447_a2a913e9856302c0.jpg,6.68
all_images/rank_1359_53ea22863509627b.jpeg,4.98
all_images/rank_1510_36dd239ff74509b2.jpeg,4.68
all_images/rank_1602_f12cb20621ddd4c0.jpeg,4.57
all_images/rank_1119_25ca4305b8fef3f8.jpeg,5.35
all_images/rank_646_a50e52a4d10d7f01.jpg,6.31
all_images/rank_277_e53d01f79df39d55.jpeg,7.07
all_images/rank_665_2fb5ffdd698f9e75.jpeg,6.29
all_images/rank_119_923fee8ae8f2d7cf.jpeg,7.78
all_images/rank_1372_9839f0dc8329a655.jpeg,4.97
all_images/rank_1514_8c4871dcafff5b95.jpeg,4.68
all_images/rank_654_8c30eed72bc5b906.jpeg,6.31
all_images/rank_1155_c91ddb13492c6445.jpeg,5.33
all_images/rank_1704_4498cb32a2581c99.jpg,4.26
all_images/rank_1107_0cd2f813159c7b6d.jpeg,5.36
all_images/rank_815_b3e292471dee66a8.png,5.96
all_images/rank_544_b755c4a2731123ad.jpeg,6.41
all_images/rank_1639_0b0ec482abd95f6b.jpeg,4.45
all_images/rank_851_e789e4881e962e2f.jpeg,5.87
all_images/rank_856_9cb382077eb43e4a.jpeg,5.83
all_images/rank_1569_956b7a58fcfa8938.png,4.61
all_images/rank_1461_883cd78cf8ea3cb7.jpeg,4.81
all_images/rank_1559_fe6fe3abde79695d.jpeg,4.62
all_images/rank_749_333fc968122543ec.jpeg,6.02
all_images/rank_1412_acdb52da8d4fd05a.jpeg,4.92
all_images/rank_1776_3240ad6f899a8468.jpeg,4.11
all_images/rank_1290_b045856f457b3886.jpeg,5.06
all_images/rank_796_9b5e7ab3a3d3749f.jpg,5.98
all_images/rank_208_0f5e798f4aae9c17.jpg,7.32
all_images/rank_28_8bff26f1445b2fa3.jpg,8.59
all_images/rank_1706_d6082ebb2fd1301b.jpeg,4.26
all_images/rank_900_e5461a2e1407891d.jpeg,5.7
all_images/rank_1096_1d9aee65db06d18a.jpeg,5.36
all_images/rank_1526_4734bc67c04fbb3f.jpeg,4.66
all_images/rank_764_87dec53e782a1976.jpeg,6.01
all_images/rank_1173_9612398adf249785.jpeg,5.31
all_images/rank_1942_c14a991f7db7cf47.jpeg,3.05
all_images/rank_106_cb751f2cc20ed02e.jpg,7.82
all_images/rank_906_2d0d73311948831d.jpg,5.7
all_images/rank_573_6f663792272e4832.png,6.37
all_images/rank_1072_6337e92ad68e2df6.jpg,5.41
all_images/rank_784_3815ca7239a80250.jpeg,5.98
all_images/rank_1037_642dc7f9c980b44d.png,5.57
all_images/rank_377_b3d53f98f7a85b21.jpg,6.78
all_images/rank_63_aa1ef7ce278aff91.jpeg,8.21
all_images/rank_43_8f4e85ef3f80fa9b.png,8.4
all_images/rank_1897_7e55590a5593e448.jpeg,3.54
all_images/rank_393_343bf09433732e6d.jpg,6.75
all_images/rank_820_ee3b8769e50e68e7.jpeg,5.95
all_images/rank_1861_eccf1573f6b9f5cf.png,3.76
all_images/rank_387_a150257ce9cc42d3.jpeg,6.76
all_images/rank_111_a952d7da99db83b6.jpeg,7.81
all_images/rank_873_16f0571cd67aa445.jpeg,5.76
all_images/rank_598_ebb4630cd1a810b3.jpg,6.35
all_images/rank_1667_d08a0228bd27402c.jpeg,4.32
all_images/rank_1079_a721f0fdc96d6564.jpeg,5.4
all_images/rank_314_d9f5376b01491b15.jpeg,7.02
all_images/rank_1190_d87b507bb2fe6e63.jpeg,5.3
all_images/rank_1045_623ab36afaaf899a.png,5.55
all_images/rank_1343_05eccee314457b38.jpeg,5.0
all_images/rank_545_06856e611f5e1622.jpg,6.41
all_images/rank_402_876a448c9b45d1fe.jpeg,6.75
all_images/rank_617_6926b10b5b223233.jpg,6.33
all_images/rank_1278_454ce446d6020a9e.jpg,5.11
all_images/rank_152_867cdf24c2362802.jpeg,7.5
all_images/rank_1032_87b7eeb8907acb74.jpg,5.58
all_images/rank_496_98c096bb7b4692ab.png,6.56
all_images/rank_1046_cd331fb10e75a4fc.jpeg,5.54
all_images/rank_1653_b20c050acea60d3d.jpeg,4.37
all_images/rank_335_b89e26c9cb391bb4.jpeg,6.98
all_images/rank_1042_78e2035aed6f0298.jpg,5.55
all_images/rank_126_01ab8ccbfe00f94f.jpeg,7.71
all_images/rank_422_ad11193e0b480555.jpeg,6.71
all_images/rank_1856_4d327b9f2e161bdd.jpg,3.77
all_images/rank_386_acfe252c548ce529.jpeg,6.76
all_images/rank_1885_095e8568b80a4885.jpeg,3.62
all_images/rank_1189_75285da478e00259.jpeg,5.3
all_images/rank_1212_09e7092ed1738df2.jpeg,5.27
all_images/rank_869_b140f105bec36dda.jpeg,5.77
all_images/rank_469_0ebbfc2b0ca124a0.jpeg,6.64
all_images/rank_135_82b084c6ece027bd.jpeg,7.6
all_images/rank_1929_92cfe83c35e85b1a.jpeg,3.17
all_images/rank_157_71b84880845dbe48.jpeg,7.49
all_images/rank_1809_105735230d990524.jpeg,3.95
all_images/rank_1910_9feface77102859c.png,3.46
all_images/rank_1878_e6f306493a10eb92.jpeg,3.65
all_images/rank_230_de17aa4a40f8747a.jpg,7.17
all_images/rank_763_0dc7741d60ce50ca.jpeg,6.01
all_images/rank_159_d9dd96f25564e7d4.jpg,7.48
all_images/rank_325_9b740410330aea67.jpg,7.0
all_images/rank_1264_b5d446deef639593.png,5.17
all_images/rank_1553_d66bbf6115f7d906.jpeg,4.63
all_images/rank_368_5a4933959cadd531.jpg,6.8
all_images/rank_275_cfe5853c0ee03e18.jpg,7.08
all_images/rank_297_932665bf90e54b3b.jpeg,7.05
all_images/rank_735_cbd60ec4f6f92f90.jpeg,6.04
all_images/rank_1647_020e30fdc2885712.jpeg,4.4
all_images/rank_304_61df64106d5c48bc.jpg,7.04
all_images/rank_1327_701a80a1124c2303.jpeg,5.01
all_images/rank_50_77266f8b8bdf2c56.jpeg,8.31
all_images/rank_272_f30546cf1691ca66.jpg,7.08
all_images/rank_1957_176056aacc100e8b.jpeg,2.73
all_images/rank_620_ba87407bf0d455cb.jpeg,6.33
all_images/rank_1255_83314c148412a45d.jpeg,5.19
all_images/rank_502_f032817e3721ea85.jpeg,6.55
all_images/rank_137_495760c9631db959.jpeg,7.56
all_images/rank_74_229e01142bc9a678.jpeg,8.04
all_images/rank_1580_9eae1070fc20b14a.jpeg,4.59
all_images/rank_1462_4c15235979cb7798.jpeg,4.81
all_images/rank_633_d2c8d8c5303ca002.jpeg,6.32
all_images/rank_1916_ab54517a344dddd9.jpeg,3.39
all_images/rank_1065_155a33ff57566a34.jpeg,5.44
all_images/rank_912_8c2d83a302df46d6.jpg,5.69
all_images/rank_1638_afaa5caef1f01d6f.jpeg,4.45
all_images/rank_84_ade4ab248fdc5124.jpg,7.95
all_images/rank_562_2869a3dc7ef6c273.jpg,6.38
all_images/rank_1071_53d196edb6776523.png,5.41
all_images/rank_727_92ecd2eb90af8d70.jpeg,6.05
all_images/rank_1546_22bb3fd9aced03f8.png,4.64
all_images/rank_653_0736669170927d8f.jpeg,6.31
all_images/rank_501_4b9d4700da688029.jpeg,6.55
all_images/rank_751_19fed1be5f44d5c0.png,6.01
all_images/rank_570_5642bf2093088de8.jpeg,6.37
all_images/rank_1436_e9f65cdbf9f0a976.jpeg,4.89
all_images/rank_1686_a0b2811affe3d55b.jpeg,4.28
all_images/rank_786_493c1b05e190eaeb.jpg,5.98
all_images/rank_40_8f7a05112109da82.jpg,8.44
all_images/rank_1666_a31270ecb4dc9272.jpeg,4.32
all_images/rank_1218_75d9d4c7858c2fa3.jpg,5.26
all_images/rank_453_717dc25b3099d298.jpg,6.67
all_images/rank_417_bffaa74b9b9296dc.jpeg,6.72
all_images/rank_762_febdaa1209dc6af2.jpeg,6.01
all_images/rank_1130_833f6e5ddd347fa4.jpeg,5.34
all_images/rank_31_177170663fd3660f.jpg,8.52
all_images/rank_637_585ae19dec335b47.jpeg,6.31
all_images/rank_1361_3905985c4f6b9e85.jpeg,4.98
all_images/rank_1737_165439e5a4c54c4b.png,4.21
all_images/rank_766_d82e5c3266023ac2.jpeg,6.01
all_images/rank_293_52e39401d51e2fbb.jpg,7.05
all_images/rank_842_30dd7b85c78422db.jpeg,5.92
all_images/rank_1528_d403e9dc443846f6.jpeg,4.66
all_images/rank_1058_f810e26528e8764b.jpeg,5.46
all_images/rank_709_1c6f59ef7bf3863a.jpeg,6.09
all_images/rank_630_4f9f7a95fd9b344d.jpeg,6.33
all_images/rank_1378_e7c84a2da05b4cc1.jpeg,4.96
all_images/rank_1159_5a3ecf6b4198d5c8.png,5.32
all_images/rank_105_e4a4c064b0bcadc6.jpeg,7.82
all_images/rank_1517_f71d4d33d17f7f6f.jpeg,4.67
all_images/rank_1468_82b61f8aa257671e.jpeg,4.78
all_images/rank_1297_c0007ffafd88a7f6.jpeg,5.04
all_images/rank_1964_127c0f5442fd4d0b.jpeg,2.59
all_images/rank_218_898dc5e8bf2be940.jpeg,7.26
all_images/rank_695_90035956effa9716.jpg,6.14
all_images/rank_948_dfaf5442de05e163.jpeg,5.67
all_images/rank_569_00972205d0a325dc.jpg,6.37
all_images/rank_188_d758c535cb24b8f6.jpeg,7.41
all_images/rank_942_2ba674e4d7e05461.jpeg,5.68
all_images/rank_1512_a2889bf104e5552d.jpeg,4.68
all_images/rank_1867_92bf4cbc6815d8aa.jpeg,3.7
all_images/rank_1876_f9a9299449a4f366.jpeg,3.66
all_images/rank_1067_4b6a15adcf944aaf.jpeg,5.42
all_images/rank_693_5eab99a670d41b0e.jpg,6.17
all_images/rank_246_8a2838da5c76730b.jpg,7.14
all_images/rank_1446_892d43690efa6e51.jpeg,4.87
all_images/rank_1772_3dd2582eafba1f3b.jpeg,4.11
all_images/rank_1627_925b61aece109fcc.jpeg,4.51
all_images/rank_1122_71a68f1b3afcfd6f.jpeg,5.35
all_images/rank_32_44b5aa83b0b905c6.jpeg,8.51
all_images/rank_547_44927ca028800fbf.jpeg,6.41
all_images/rank_822_66961f32a93bc747.jpg,5.95
all_images/rank_995_4aaea0d34f322905.jpeg,5.63
all_images/rank_1434_7bf2e769a943df12.jpeg,4.9
all_images/rank_343_6388af22147058c9.jpeg,6.94
all_images/rank_1746_e8ef6bc11f077092.jpeg,4.19
all_images/rank_1557_4e334987113903af.jpeg,4.63
all_images/rank_1391_033f0a5a3e673250.jpeg,4.94
all_images/rank_46_0179d89a4e5b79d1.jpeg,8.35
all_images/rank_587_d2e718bdec1fce77.jpeg,6.36
all_images/rank_169_5c4a212fa8a16aa7.jpeg,7.46
all_images/rank_1199_fa7e2c9336b72264.jpeg,5.28
all_images/rank_529_3fa03ebe7aaef82d.jpg,6.44
all_images/rank_916_551cd5fb2c96c3de.jpeg,5.68
all_images/rank_689_036bec8bf971a882.jpeg,6.19
all_images/rank_87_e2490748ba3cd26e.jpg,7.91
all_images/rank_1224_c91ebee0e20bf1d9.jpeg,5.25
all_images/rank_1613_076e75d69106bc81.jpeg,4.55
all_images/rank_580_f8037a63c0b98eb8.png,6.36
all_images/rank_1406_1614f18bbdca63a3.jpeg,4.93
all_images/rank_1673_439c45fa520fa551.jpeg,4.3
all_images/rank_62_e63a00f066d7eefd.jpeg,8.22
all_images/rank_78_9f5c0d3bbeb44f62.jpg,7.96
all_images/rank_890_dffa8cf2192e4ede.jpeg,5.71
all_images/rank_339_63fad3be3022d795.jpeg,6.97
all_images/rank_1596_e30258de2ab79e6e.jpeg,4.58
all_images/rank_508_9041174461aaa2ca.jpeg,6.53
all_images/rank_705_4cac46f0da48ab3f.jpeg,6.1
all_images/rank_807_4e9ae2dd02048e79.jpeg,5.97
all_images/rank_259_7237aadceb9f4be3.jpeg,7.11
all_images/rank_950_fed8e7d41bf638d1.png,5.66
all_images/rank_1558_dbb4f8680ce4db6b.jpeg,4.62
all_images/rank_953_b69fac92c162df33.jpeg,5.66
all_images/rank_1684_7ff6600b1b2483d9.jpeg,4.29
all_images/rank_744_e97de23a1d7cd689.jpeg,6.02
all_images/rank_878_69d978588591534c.jpeg,5.75
all_images/rank_133_2598c98213ba19f7.jpeg,7.63
all_images/rank_1538_462095fe709c0012.jpeg,4.65
all_images/rank_198_91a99713790caaa2.jpeg,7.37
all_images/rank_1779_d9a8332857712b96.jpeg,4.1
all_images/rank_1268_d32c625360965610.jpeg,5.16
all_images/rank_224_f6b2aedaff13d80b.jpg,7.19
all_images/rank_1712_63c49d6435793a35.jpeg,4.25
all_images/rank_1012_199bfbb0276874cb.jpeg,5.62
all_images/rank_1947_b92ba982fdb56b86.jpeg,3.02
all_images/rank_1898_a5697c672b79f792.jpeg,3.54
all_images/rank_1260_5e5011f7234d4c65.jpeg,5.18
all_images/rank_1448_0dae69e7decee6d3.jpeg,4.86
all_images/rank_1196_ba20c5b607c42bfd.jpeg,5.29
all_images/rank_416_5becffd34b55700b.jpeg,6.72
all_images/rank_444_df75d6348d2eb08b.jpeg,6.68
all_images/rank_1676_2754bf833fe2b25c.jpeg,4.29
all_images/rank_808_14005dd84bcd3cb7.jpeg,5.97
all_images/rank_21_bc4141ee3099d3da.jpeg,8.74
all_images/rank_1539_039be5637ddc64f7.jpeg,4.65
all_images/rank_1662_681244f9f9a1978e.jpeg,4.34
all_images/rank_945_348a697099b16e05.jpeg,5.67
all_images/rank_640_892147cf78a0a3a3.jpg,6.31
all_images/rank_983_b694e3b412c9b3ca.jpg,5.64
all_images/rank_882_772af564c18e8723.jpeg,5.74
all_images/rank_1763_77226e69cacfd65a.jpeg,4.16
all_images/rank_924_31ea88081aef66b8.jpeg,5.68
all_images/rank_2_a6906942e819557f.jpg,9.94
all_images/rank_42_21f01fdf22fda766.jpg,8.41
all_images/rank_1814_7e36c497e6f395fe.jpeg,3.92
all_images/rank_672_9841eecfb6cbfe50.jpeg,6.29
all_images/rank_574_a5c0675054a3b469.jpeg,6.37
all_images/rank_1895_ec5f128d29144815.jpeg,3.55
all_images/rank_575_7a14ffffa4d91c87.jpg,6.37
all_images/rank_1420_f1e4c7a589fcc763.jpeg,4.92
all_images/rank_923_98852bda8f3689bd.jpeg,5.68
all_images/rank_1750_8f6ad56e0cc70bae.jpeg,4.18
all_images/rank_1819_2be1bf8fe179f3cd.jpeg,3.91
all_images/rank_1909_069d6e32db12f7b6.jpeg,3.47
all_images/rank_600_f5cf8da45a85c1c9.jpeg,6.34
all_images/rank_291_6bbb3e9a306ab624.jpeg,7.06
all_images/rank_676_b73644ddc295a9dc.png,6.27
all_images/rank_595_06d49332aa976d6e.jpeg,6.35
all_images/rank_535_f1282290521b330d.jpeg,6.43
all_images/rank_1033_9e8c51a6aa7b33f8.jpeg,5.58
all_images/rank_336_995a20d638a6abe4.jpg,6.97
all_images/rank_787_f89f8adab27d3ea7.jpeg,5.98
all_images/rank_195_ea25ce34d3d24362.jpeg,7.38
all_images/rank_227_06c1d298d7f58c03.jpeg,7.18
all_images/rank_117_9733ef7961000246.jpg,7.79
all_images/rank_503_eb8bdd476602e393.jpeg,6.54
all_images/rank_1203_8bb718efdba8aa94.jpeg,5.28
all_images/rank_1138_523909c8bfca3554.jpeg,5.33
all_images/rank_76_6830d7986debe731.jpeg,7.97
all_images/rank_592_471bc4d857b97663.jpeg,6.35
all_images/rank_330_8196c8b80aa731b6.jpeg,6.99
all_images/rank_334_dee5cfa367cbed49.jpg,6.98
all_images/rank_414_2b09ed1f017a1f67.png,6.72
all_images/rank_1567_42cae30c2786fef8.jpeg,4.62
all_images/rank_1333_8c9f1493938b1f4f.jpeg,5.01
all_images/rank_205_272824971844ee71.jpeg,7.34
all_images/rank_166_2dce8867004db2c9.jpeg,7.47
all_images/rank_954_e53a696fc45fd902.jpeg,5.66
all_images/rank_658_1aab1dc1529eb338.jpeg,6.3
all_images/rank_1966_483ba428074f96cf.jpeg,2.45
all_images/rank_265_b7ea3a01bc8b5a41.jpg,7.1
all_images/rank_1449_f8af44aaa49621d9.jpeg,4.86
all_images/rank_286_7c6fd4d80db5930d.jpeg,7.06
all_images/rank_870_23bdf8260d26afad.jpeg,5.77
all_images/rank_1166_a737081d51458770.jpeg,5.32
all_images/rank_8_dd9a2652f986e593.jpg,9.55
all_images/rank_1324_15512a761d2b4f10.jpeg,5.01
all_images/rank_1168_eb21c76ff35d40e4.png,5.32
all_images/rank_1925_5f7cca0d5da5c0b2.jpeg,3.23
all_images/rank_999_1281b49c26ec13ba.jpeg,5.63
all_images/rank_94_66e1aa7df3b429cc.jpeg,7.89
all_images/rank_737_2125e8320ff1f5bd.jpeg,6.04
all_images/rank_310_a8c7ec6ac6bfacb7.png,7.03
all_images/rank_1392_2191ea2ff943af9e.jpeg,4.94
all_images/rank_750_692e839d813c1c5b.jpg,6.02
all_images/rank_612_b84d56c977f356ee.jpeg,6.34
all_images/rank_1111_4d53da703c191d9a.jpeg,5.35
all_images/rank_6_9251d1be41640916.jpeg,9.63
all_images/rank_904_38b1636073fa1ddf.png,5.7
all_images/rank_1472_141812a98267493f.jpeg,4.77
all_images/rank_677_fcb1a3582fa3841f.jpeg,6.27
all_images/rank_1723_a5ffa6a8a833640c.jpeg,4.24
all_images/rank_1780_ffe9108d4e34d5a7.png,4.1
all_images/rank_760_98539ee141313d48.png,6.01
all_images/rank_1533_0c8c5e3162cdd508.jpeg,4.66
all_images/rank_1272_97517353d0937e85.jpeg,5.14
all_images/rank_233_72bd0447b9628609.jpeg,7.16
all_images/rank_298_f2a03a6a329917f2.jpeg,7.05
all_images/rank_1783_f85520d647cf35e9.jpg,4.09
all_images/rank_1475_50584f72ed2bd05d.jpeg,4.76
all_images/rank_295_eb4761c4e9fe60f4.jpeg,7.05
all_images/rank_1646_aaa99a6ef0313da0.jpeg,4.4
all_images/rank_1573_8f8603beb9bffa80.jpeg,4.6
all_images/rank_1426_b009e06a9cd307d6.jpeg,4.91
all_images/rank_1308_855535de956ed129.jpeg,5.03
all_images/rank_1418_5647e222e27f18f4.jpeg,4.92
all_images/rank_1798_d30d29cb87d3768c.jpeg,4.01
all_images/rank_1495_8de7fe3bc5bd9b07.jpeg,4.7
all_images/rank_1767_2411b4c900e9e8d4.jpeg,4.13
all_images/rank_1331_70c5f90243a8f4e1.jpeg,5.01
all_images/rank_558_23b5ba08795c142e.jpg,6.39
all_images/rank_1034_226ff3e9fe0bcff7.jpeg,5.58
all_images/rank_61_7cd5f8b11c2ae759.jpeg,8.22
all_images/rank_623_e61e743c9a071de6.jpg,6.33
all_images/rank_202_2751d7c051074cee.jpg,7.35
all_images/rank_1263_e10e420b51ffec69.jpeg,5.17
all_images/rank_1382_e848b51d7f61e2e5.jpeg,4.96
all_images/rank_1243_23c1f975d8b2df15.jpeg,5.22
all_images/rank_977_d880c78259c49048.jpeg,5.64
all_images/rank_553_39c871cf19249a5e.jpg,6.39
all_images/rank_79_ac2a07c10d0eba17.jpeg,7.96
all_images/rank_1103_0abd2fe47937dd7e.jpeg,5.36
all_images/rank_1231_68deb7137db27c04.png,5.25
all_images/rank_647_13c25d417d56877c.jpg,6.31
all_images/rank_350_3ce854bf598e9cf7.jpeg,6.9
all_images/rank_1560_f5f4ea0fa8220560.jpeg,4.62
all_images/rank_1258_facb3317e7b5c47c.jpg,5.18
all_images/rank_442_0513fef239b09e58.jpg,6.69
all_images/rank_511_a9e766682f6f3586.jpeg,6.49
all_images/rank_424_02b3e06451b2ab7b.jpeg,6.71
all_images/rank_102_d26f9c27db9cc8e1.jpeg,7.84
all_images/rank_1380_98163f8e2f0aa0c2.jpeg,4.96
all_images/rank_605_d1aa2e9526e19f5f.jpeg,6.34
all_images/rank_684_dd1033285af3fe4d.jpg,6.23
all_images/rank_389_6f4ba31dffad430a.jpeg,6.76
all_images/rank_1564_7ea6266a032baf09.png,4.62
all_images/rank_1124_dadb15f5a46e7814.jpeg,5.35
all_images/rank_952_114fbe84d76a1c0a.jpg,5.66
all_images/rank_250_124cf6564afde97b.jpeg,7.13
all_images/rank_956_b450966d0f0bcc41.jpeg,5.66
all_images/rank_1038_61b37de18ed349df.jpeg,5.57
all_images/rank_1001_2e09f6340849f8cb.jpeg,5.63
all_images/rank_140_35e6cdb8fb2d69e2.jpeg,7.56
all_images/rank_823_09e7fc97a1dd3a91.jpeg,5.95
all_images/rank_266_ce80fd9af2d15f7c.jpeg,7.1
all_images/rank_261_59be51da5f57c215.jpg,7.11
all_images/rank_192_9c4ed1f50bd95f44.jpg,7.39
all_images/rank_836_b3af844386a2fea8.jpeg,5.93
all_images/rank_1717_9be0d7383fde9598.jpg,4.25
all_images/rank_103_80cff083472172a5.jpg,7.84
all_images/rank_1433_643a41b4875a82ca.jpeg,4.9
all_images/rank_1803_0dc1bff8719af5b0.jpeg,4.0
all_images/rank_1157_04e9020b0f8a340e.jpeg,5.32
all_images/rank_1180_b7d94d4bef9cf3a5.jpeg,5.3
all_images/rank_1482_2c5c47650a9c1922.jpeg,4.75
all_images/rank_1899_f440fccce10e2a96.jpeg,3.53
all_images/rank_604_91cd77d6ea10e17e.jpeg,6.34
all_images/rank_1492_99bf9273df61dbec.jpeg,4.71
all_images/rank_58_bf93e3da27f0b971.jpg,8.25
all_images/rank_258_d7be77cdf6f55e39.jpeg,7.12
all_images/rank_1282_693a25d6d2049fa1.jpeg,5.08
all_images/rank_1823_0fdcae6b875d08cb.jpeg,3.9
all_images/rank_524_b9c1e734a7642e7e.jpeg,6.46
all_images/rank_886_cd26a382407e0ea5.jpeg,5.73
all_images/rank_1140_2ff51a72d696d5fb.png,5.33
all_images/rank_1928_766db75fbb29a40a.jpeg,3.19
all_images/rank_913_2d90fb4bc240b4ee.jpeg,5.69
all_images/rank_939_e1d87753f82547bc.jpg,5.68
all_images/rank_1003_a92db350d44fe7a9.jpeg,5.63
all_images/rank_1943_a221fb4cf75f4b3e.jpeg,3.05
all_images/rank_381_b9492f873b0ca15a.jpeg,6.77
all_images/rank_1254_10af5861f233ad0b.jpg,5.2
all_images/rank_1478_8f30d79f5db0500c.jpeg,4.76
all_images/rank_80_1c5c98c2443d68a2.jpeg,7.96
all_images/rank_1484_452142d925d60416.jpeg,4.74
all_images/rank_407_a3e488cb1783a505.jpg,6.73
all_images/rank_1232_f0713ef879a272f5.jpeg,5.25
all_images/rank_1267_19a4926cc1f51968.jpeg,5.16
all_images/rank_1021_ee52f0cc6fb46027.jpeg,5.6
all_images/rank_48_59fab203bcfdd668.jpeg,8.34
all_images/rank_294_8d41575767d6cb4c.jpg,7.05
all_images/rank_1730_7f0889aa11bf8a06.jpeg,4.22
all_images/rank_1606_ec10ae5cf1159e51.jpeg,4.56
all_images/rank_1654_075ddfd4ac41ad93.jpeg,4.35
all_images/rank_143_aabc3463b9cede37.jpg,7.54
all_images/rank_398_43b10cfb44b6d2e0.jpeg,6.75
all_images/rank_1980_8c7553b5506c6bc6.jpeg,1.0
all_images/rank_1474_e2012d6b8f6ca1c1.jpeg,4.76
all_images/rank_1532_4c5be0b79d564af9.jpeg,4.66
all_images/rank_847_de1391f9c00c425a.jpg,5.89
all_images/rank_982_bd083218b82e0646.jpeg,5.64
all_images/rank_81_0d14f92f6f59fda4.jpeg,7.95
all_images/rank_491_eed12759cc16afcd.jpeg,6.58
all_images/rank_89_035016492379e895.jpg,7.91
all_images/rank_1087_e207c9c9e219c2fa.jpeg,5.38
all_images/rank_768_d34ec2216628873d.jpeg,6.0
all_images/rank_1907_5ad9d93efe80474c.jpeg,3.49
all_images/rank_278_998d7e0762179479.jpg,7.07
all_images/rank_1100_d94e0f49af93b4bb.png,5.36
all_images/rank_554_877935c8d1407755.jpg,6.39
all_images/rank_609_68f0677029292b69.jpeg,6.34
all_images/rank_933_71a7b17ee8bb1490.jpeg,5.68
all_images/rank_1908_0509b96c9bd91e7c.jpeg,3.47
all_images/rank_552_8cf93b550f9d9654.jpg,6.4
all_images/rank_1590_f993dc131da37ad9.jpeg,4.59
all_images/rank_1274_a47081e695f46d03.jpeg,5.13
all_images/rank_283_ba97908d23ceb195.jpeg,7.07
all_images/rank_1483_af4f348c649a2bb3.jpeg,4.74
all_images/rank_1671_ae6b8e6e55e88649.jpeg,4.31
all_images/rank_363_6da355e41278ac76.jpg,6.82
all_images/rank_220_7fd65b1ba85a7cfb.jpeg,7.23
all_images/rank_1456_d4a91d6d03cf9058.jpeg,4.83
all_images/rank_225_961fc4a138cf71dd.jpeg,7.19
all_images/rank_19_8ac25f72761a997e.jpeg,8.78
all_images/rank_1664_9f5489ee9fccfb53.jpeg,4.33
all_images/rank_1561_db80560f1e46bb11.jpeg,4.62
all_images/rank_1859_87569cc6e5ce5b07.jpeg,3.76
all_images/rank_1507_81c1fc76fbf023bf.jpeg,4.69
all_images/rank_1858_fc6ad07f7eaaf120.jpeg,3.77
all_images/rank_1956_96b2a3eb73fda9c0.jpeg,2.75
all_images/rank_1395_6cb131e4dd3db780.jpeg,4.94
all_images/rank_720_f5192e623516b705.jpeg,6.06
all_images/rank_1531_0738fd269717fa97.jpeg,4.66
all_images/rank_1029_61a6374b8db4bd9d.jpeg,5.58
all_images/rank_1397_4d68be46904addb3.jpeg,4.94
all_images/rank_1249_85a720e3e566fe24.jpeg,5.21
all_images/rank_1271_37051d765c64e2dc.jpeg,5.15
all_images/rank_1293_76c1e73b2c2fe501.jpeg,5.05
all_images/rank_44_c69cca074b15fd23.jpeg,8.37
all_images/rank_1019_ca8ceb3c40e948c9.jpeg,5.6
all_images/rank_1743_94135dd359ec325e.jpeg,4.2
all_images/rank_701_db4577715a14b9d8.jpeg,6.12
all_images/rank_1833_8d4daa6ed02946d9.png,3.86
all_images/rank_194_6e33d642ccf3bd11.jpg,7.38
all_images/rank_1413_250c69068987b2d5.jpeg,4.92
all_images/rank_300_08acf9716cf16083.jpeg,7.05
all_images/rank_488_7be904d352ad5572.jpeg,6.6
all_images/rank_1018_09882d9e2450a3a7.jpeg,5.61
all_images/rank_1537_8b2aca4b716b7a6c.jpeg,4.65
all_images/rank_1126_91572e88ff68bca5.jpeg,5.35
all_images/rank_1185_340067af3a7d305f.jpeg,5.3
all_images/rank_586_1629c512ac172ddd.png,6.36
all_images/rank_1849_58198ca45ce836a5.jpeg,3.79
all_images/rank_1504_b298b5d924680337.jpeg,4.69
all_images/rank_708_3d9b1ffa63def4a9.jpeg,6.09
all_images/rank_1588_709b695a8ff04d18.jpeg,4.59
all_images/rank_754_de275ce900831170.jpeg,6.01
all_images/rank_920_2e4cc6966268b159.png,5.68
all_images/rank_69_52dc59ce35f5bf64.jpg,8.12
all_images/rank_1011_5a77f66a5f8ee020.jpeg,5.62
all_images/rank_153_801e0e60bae85359.jpeg,7.5
all_images/rank_1172_73068c7ffbbe3f77.jpeg,5.31
all_images/rank_687_2d91310ca085ec96.jpg,6.21
all_images/rank_1225_b462af1e7040b768.png,5.25
all_images/rank_1817_32a9b2fe978006af.jpeg,3.91
all_images/rank_39_7d001972aa5ae200.jpeg,8.45
all_images/rank_1201_f6571b09ad5389ca.jpeg,5.28
all_images/rank_975_32f3e67228011e9f.jpeg,5.65
all_images/rank_349_5acc549a88d96e7f.jpg,6.9
all_images/rank_866_ea7c39faaf7233c2.jpeg,5.77
all_images/rank_1480_fc7fffb4bf10f51c.png,4.75
all_images/rank_68_24597001b6e9ce12.jpeg,8.13
all_images/rank_1035_b6759870eee49f05.jpg,5.57
all_images/rank_1261_4eb6949caced4d7b.jpeg,5.18
all_images/rank_863_21693aa59a91def3.jpeg,5.79
all_images/rank_543_e7e51c37613f8041.jpg,6.41
all_images/rank_127_deaa40e009ef28b8.jpeg,7.69
all_images/rank_1303_72de4b28022f1b21.jpeg,5.03
all_images/rank_23_c8d0eddfcdb0d8ed.jpg,8.71
all_images/rank_1874_5721b09f3add059f.jpeg,3.68
all_images/rank_1675_78996cae5e9ff604.jpeg,4.3
all_images/rank_644_fcd8a8c62b818f6a.jpeg,6.31
all_images/rank_431_95219938fdb2b630.jpeg,6.7
all_images/rank_596_895d6d799dec036c.jpeg,6.35
all_images/rank_893_d925bab9d1972e4f.jpeg,5.71
all_images/rank_1076_f7297f7f1a35d8a0.jpeg,5.4
all_images/rank_327_69bbc0375c8720c2.jpg,6.99
all_images/rank_1918_68671b6cbfc71a52.jpeg,3.32
all_images/rank_400_082fa6976593f438.jpeg,6.75
all_images/rank_1023_fa4ef21dad93b8b4.jpeg,5.6
all_images/rank_663_c457755b89d637fe.jpeg,6.3
all_images/rank_243_e6f74bdc2d610934.jpeg,7.15
all_images/rank_415_2c306067bf70383a.jpeg,6.72
all_images/rank_1182_4f20b7ab6fd925ea.jpg,5.3
all_images/rank_1939_2664b035a7753ff8.jpeg,3.07
all_images/rank_1053_3b3b23b7fa318bc3.jpeg,5.48
all_images/rank_186_c7031d1c9f92dedf.jpeg,7.42
all_images/rank_1257_aa49d1f86b933aee.jpeg,5.19
all_images/rank_1024_34fd22845db4730d.jpeg,5.59
all_images/rank_97_bf8cb7f91c46521d.jpeg,7.87
all_images/rank_406_e301e54d66a32b1d.jpeg,6.74
all_images/rank_409_82bb68ab758e51b4.jpg,6.72
all_images/rank_1629_8fe1ba889d2eeb1a.jpeg,4.49
all_images/rank_435_93a0d7f2c7bfefe0.jpeg,6.69
all_images/rank_1321_8a9e4d8369ea802f.png,5.01
all_images/rank_719_7fa8984bd526e92b.png,6.06
all_images/rank_125_da76e709980217c6.jpg,7.74
all_images/rank_1732_be3f7a896a41cfc4.jpeg,4.22
all_images/rank_1091_eb2a955aedfb7c32.jpeg,5.37
all_images/rank_239_98472345d9f87e7f.jpg,7.15
all_images/rank_606_8115ade8a1ffcd98.jpeg,6.34
all_images/rank_474_dad3b06e18cfc850.jpeg,6.64
all_images/rank_1129_f20945484ca3076e.jpeg,5.35
all_images/rank_308_8f547f9036697188.jpeg,7.04
all_images/rank_885_892193c5b43644d5.jpeg,5.73
all_images/rank_1700_0562cfb3059b9937.jpeg,4.26
all_images/rank_426_9869b76044ed30ea.jpg,6.71
all_images/rank_1048_dad28cf97ebb4055.jpeg,5.53
all_images/rank_932_9e4a46cf334f9a42.jpeg,5.68
all_images/rank_987_43e9792fe4ce1882.jpeg,5.64
all_images/rank_256_6a9f83336a4cc843.jpeg,7.12
all_images/rank_1872_fb473eaa779a9ba2.jpeg,3.69
all_images/rank_145_fe1450d874ef234d.jpeg,7.52
all_images/rank_563_5cad7a84403b5b1f.jpeg,6.38
all_images/rank_990_df3911ec283e7807.jpeg,5.64
all_images/rank_1015_a65caf51e87c64f9.png,5.61
all_images/rank_675_0f43337d38aeac8c.jpeg,6.28
all_images/rank_323_8259eef57d9994b2.jpeg,7.0
all_images/rank_37_03209c5e8e767e21.png,8.46
all_images/rank_357_c4f5d7310af9aa2e.jpg,6.85
all_images/rank_462_e830d315f327821d.jpg,6.65
all_images/rank_204_955e8b837c104541.jpg,7.35
all_images/rank_1022_0ffcf77ae0bd49f0.png,5.6
all_images/rank_168_8acfde7e5cff5ea8.jpeg,7.46
all_images/rank_1891_caade5d79b65358d.jpeg,3.56
all_images/rank_1844_f90486326e9dbd35.jpeg,3.81
all_images/rank_828_5d03aef7b44116a1.jpg,5.94
all_images/rank_1635_44c598ec8ba56b6d.jpeg,4.46
all_images/rank_1437_686dccdae6dec93b.jpeg,4.89
all_images/rank_1691_c62cf37f7e35c854.jpeg,4.27
all_images/rank_1030_c2574ddeecceacd1.jpeg,5.58
all_images/rank_790_38f00bd2f772f35f.jpeg,5.98
all_images/rank_1670_72481c0eec168678.jpeg,4.32
all_images/rank_816_e90ce6ef00574c03.png,5.96
all_images/rank_1385_84d659e5dad59e08.jpeg,4.95
all_images/rank_1242_eada9b1785e97cd1.jpeg,5.22
all_images/rank_1962_94c99e55efc3a7e7.jpeg,2.64
all_images/rank_1944_051b3a6f692d3c93.jpeg,3.05
all_images/rank_1489_5ee29d2d73210190.jpeg,4.72
all_images/rank_1481_8740bfdf2f906acd.jpeg,4.75
all_images/rank_1731_e00ed1010986232d.jpeg,4.22
all_images/rank_996_52b0cbf2abd5df0e.jpeg,5.63
all_images/rank_410_f390d7329413ff49.jpeg,6.72
all_images/rank_1875_98085f23d5d64bda.jpeg,3.68
all_images/rank_1862_5daae9a8b01a1342.png,3.74
all_images/rank_472_fb329de72f1a2455.jpeg,6.64
all_images/rank_853_d45d5d13b3188a97.jpg,5.86
all_images/rank_223_87f5c512c8e6bd6b.png,7.19
all_images/rank_222_2b447a48d001c464.jpeg,7.21
all_images/rank_1828_0c05c618e62232c8.jpeg,3.88
all_images/rank_717_f9bd693d7a37570d.jpeg,6.07
all_images/rank_1289_e01e58fec31c360f.jpeg,5.06
all_images/rank_512_83138fdcb097aeeb.jpeg,6.49
all_images/rank_1597_ee03d348c224359c.jpg,4.58
all_images/rank_1747_028d909fe6cb4028.jpeg,4.18
all_images/rank_27_1b11b691e1c47537.jpg,8.65
all_images/rank_1113_066dd941b77f2999.jpeg,5.35
all_images/rank_1028_287deaab0f457007.jpeg,5.58
all_images/rank_116_1780fc0004418c2c.jpeg,7.79
all_images/rank_1585_8786e9bc46bf35d7.jpeg,4.59
all_images/rank_930_517599b94f14c3e1.jpg,5.68
all_images/rank_1223_c5446e3c8f281f4a.jpeg,5.25
all_images/rank_1188_bced4563596c08c1.png,5.3
all_images/rank_1136_40e1d6d59141cb6d.jpeg,5.33
all_images/rank_1547_6959dc06e819660a.png,4.64
all_images/rank_253_123833d8672ad20a.jpeg,7.13
all_images/rank_967_a8fbe7f94f892e44.jpeg,5.65
all_images/rank_1749_be1e826f0e63d274.jpeg,4.18
all_images/rank_374_7780ec965856cee7.jpg,6.79
all_images/rank_700_82a41a68d46ec3f3.jpeg,6.12
all_images/rank_1860_f48fa154df4df5c3.jpeg,3.76
all_images/rank_292_354b16b3ef2a3a6c.png,7.05
all_images/rank_241_67f3fe2b447fdaff.jpg,7.15
all_images/rank_1043_c7cfb8778fc8a352.jpeg,5.55
all_images/rank_590_39a06e1b6a97b2dc.jpg,6.36
all_images/rank_857_5bd8f23723e48c38.jpeg,5.82
all_images/rank_15_3e76d0add8cd3ff8.jpeg,9.1
all_images/rank_187_b2e9bcee1047d6ac.jpg,7.42
all_images/rank_1443_66b179ba274056d0.jpeg,4.87
all_images/rank_1177_6e7fdcf5e986a7df.jpeg,5.3
all_images/rank_1401_71ddd94cefec48ff.png,4.94
all_images/rank_1153_057a631e89ca2e2f.jpeg,5.33
all_images/rank_1379_67eb5c07310ef9b2.jpeg,4.96
all_images/rank_451_640338be4aa0faa7.jpg,6.67
all_images/rank_1300_5a420e04121d814c.jpeg,5.04
all_images/rank_898_f3c32493c351203d.jpeg,5.71
all_images/rank_706_e97adce9e3b6db11.jpeg,6.1
all_images/rank_91_3bcdeda999685142.jpeg,7.9
all_images/rank_1219_522f7d3ab541abde.jpeg,5.26
all_images/rank_1953_ac2ecf3151a1d935.jpeg,2.89
all_images/rank_1491_4c8bbedc4f8f3c5b.jpeg,4.71
all_images/rank_1332_b803428526401ab1.jpeg,5.01
all_images/rank_1205_69cf4d876bf673bb.jpeg,5.28
all_images/rank_1151_7d3d4ddc2c57911a.jpeg,5.33
all_images/rank_1652_dc758f0a269c0bbd.jpeg,4.37
all_images/rank_1755_c499237280b01d6f.jpeg,4.17
all_images/rank_301_913784853265b284.jpeg,7.05
all_images/rank_1002_3673ad1b388a47da.jpeg,5.63
all_images/rank_899_688cbc47a06197bd.jpeg,5.7
all_images/rank_142_6026c75256b215f2.jpg,7.54
all_images/rank_619_23f5a252173e85a6.jpeg,6.33
all_images/rank_1112_becbcc44ab87194c.jpeg,5.35
all_images/rank_1237_b2ca4c7d88df6245.jpeg,5.23
all_images/rank_1932_7e2b4da614e5c084.jpeg,3.14
all_images/rank_438_0b80743972618272.jpeg,6.69
all_images/rank_1634_67374337530b8f3a.jpeg,4.47
all_images/rank_1233_2702a322d41f6559.jpeg,5.24
all_images/rank_559_cf7b01ffd4d160d5.jpeg,6.39
all_images/rank_1866_8e35be120ce15567.jpeg,3.71
all_images/rank_1948_e489d6b46eea216f.jpeg,3.02
all_images/rank_1093_ce17a2f99b5a6d15.jpeg,5.37
all_images/rank_1431_3afa3a659152433b.jpeg,4.9
all_images/rank_460_471869025232d5c1.jpg,6.65
all_images/rank_725_f3cd5492b75be24e.jpg,6.06
all_images/rank_289_91ca1fe293ce0c3a.jpeg,7.06
all_images/rank_420_181139c91ff6c5a9.jpeg,6.71
all_images/rank_1296_046703252aa1350c.jpeg,5.04
all_images/rank_432_1a636ce2c848fc25.jpeg,6.7
all_images/rank_457_565c37b8df0a2511.jpeg,6.66
all_images/rank_824_0ae0c688a7928bf2.png,5.95
all_images/rank_957_4ed358f3f3de0fb4.jpeg,5.66
all_images/rank_51_ce5fe845f66f2190.jpeg,8.29
all_images/rank_806_a2f600ed14baaf62.jpeg,5.98
all_images/rank_845_2bc1a74ed33ec1a7.jpeg,5.91
all_images/rank_1025_8c40ad5c16df1b75.jpg,5.59
all_images/rank_95_9ae86f802e278c27.jpeg,7.89
all_images/rank_1069_1080b2a908da4bb5.jpeg,5.41
all_images/rank_692_490bf4bf2aba3e09.jpeg,6.17
all_images/rank_1467_6236b871a08d1bbc.jpeg,4.78
all_images/rank_214_71ca41704e829bea.jpeg,7.3
all_images/rank_1609_ce16d7079b22d219.jpeg,4.56
all_images/rank_481_1eb086aeb8746164.jpeg,6.62
all_images/rank_41_4724e7c3ea68c767.jpeg,8.42
all_images/rank_1536_125ca1a64e6e498a.jpeg,4.65
all_images/rank_396_b66653a9515da04e.jpeg,6.75
all_images/rank_803_746622792295dfe3.jpeg,5.98
all_images/rank_1487_41bf99a270524ffa.jpg,4.73
all_images/rank_45_1ce1530e6a55d8a3.jpeg,8.35
all_images/rank_254_ead6de28a5744371.jpg,7.12
all_images/rank_1063_c0a1a256d2fdf531.jpg,5.44
all_images/rank_789_dd4f746d5474a048.jpeg,5.98
all_images/rank_682_88d0b2bd6eb506a7.jpeg,6.24
all_images/rank_1301_4067a4e348b0d334.jpeg,5.04
all_images/rank_1543_9f09baa575d6ed41.jpeg,4.64
all_images/rank_267_88a28bbf639ed659.jpg,7.09
all_images/rank_621_3dd0880ab589c723.jpeg,6.33
all_images/rank_834_8067c1b5b1d0b286.jpeg,5.93
all_images/rank_1396_e21d131404f0bfba.png,4.94
all_images/rank_1584_8126c16783757eec.jpeg,4.59
all_images/rank_1338_2c42623776522767.jpeg,5.0
all_images/rank_1259_beff14cc292fb73a.jpeg,5.18
all_images/rank_1857_6dfe676d1829a6e9.jpeg,3.77
all_images/rank_741_aa8ce08c4945332a.jpeg,6.03
all_images/rank_1719_a9ae154cafcdfbd7.jpeg,4.24
all_images/rank_897_ad91063fc8fd35f3.png,5.71
all_images/rank_738_f4cd357ada511d71.jpeg,6.03
all_images/rank_1440_cddca2f7964c8409.jpeg,4.88
all_images/rank_1421_bc9f2720446f7680.jpeg,4.92
all_images/rank_93_f3dd69a5078db175.jpg,7.9
all_images/rank_649_94ddb955abc6cdf5.jpg,6.31
all_images/rank_795_641456a2a2f7b894.jpeg,5.98
all_images/rank_818_2df0babce4a34b79.jpg,5.96
all_images/rank_1247_0b7ec2368c5f5276.jpeg,5.21
all_images/rank_1961_33eb1593215aaf65.png,2.67
all_images/rank_1896_7b6e9534079da901.jpeg,3.54
all_images/rank_484_b68f6dc2e4d7bafd.jpeg,6.62
all_images/rank_538_e5f4b91b02065979.png,6.43
all_images/rank_1125_0cc2b47e72a81550.png,5.35
all_images/rank_1855_b566c8ef841791cd.jpeg,3.78
all_images/rank_1294_d893dfade3e4be90.jpeg,5.04
all_images/rank_1786_dd6e7989ebd783c0.jpeg,4.08
all_images/rank_874_a0d4dee1892aee16.png,5.75
all_images/rank_1490_2666df0902331735.jpeg,4.72
all_images/rank_244_d45e6c5d0f5ff231.jpeg,7.14
all_images/rank_861_f4623c1a9cd95b98.jpeg,5.8
all_images/rank_678_b4130ef467a3b885.jpg,6.26
all_images/rank_1797_f46987514b5ed901.jpeg,4.02
all_images/rank_1892_5fde1e7ad66bb905.jpeg,3.56
all_images/rank_1323_c842492598550085.jpeg,5.01
all_images/rank_14_3079196aeae2f8b3.jpeg,9.11
all_images/rank_877_e2cc499500f106a7.jpeg,5.75
all_images/rank_1438_b9b1e1fc4a166c61.jpeg,4.88
all_images/rank_296_7094e46702737ca0.jpeg,7.05
all_images/rank_1644_fa3b1d980918f2ac.jpeg,4.4
all_images/rank_1952_a3837037b5648637.jpeg,2.96
all_images/rank_813_0f6fae078ed349ce.jpeg,5.96
all_images/rank_191_175e871f6e7099c7.jpeg,7.4
all_images/rank_366_addbc30ef237e49b.jpg,6.8
all_images/rank_279_15ee239cf1032fc4.jpg,7.07
all_images/rank_1014_f2c9367c7f9a9974.jpeg,5.61
all_images/rank_627_062747d774d97e03.jpg,6.33
all_images/rank_332_b117ec6a0b61eeeb.jpeg,6.98
all_images/rank_1718_f05ee3f8356c33ff.jpeg,4.24
all_images/rank_1660_ba3c7650893258c9.png,4.34
all_images/rank_199_b8e61f4396f1d469.jpg,7.37
all_images/rank_1656_199e713a56c56b29.jpeg,4.35
all_images/rank_171_4f488ab34995c982.jpg,7.46
all_images/rank_671_15070462a887af81.jpeg,6.29
all_images/rank_1756_2b0dac60ff1733fb.jpeg,4.17
all_images/rank_1352_ae798b9814fb7648.jpeg,4.99
all_images/rank_1191_5cca2d45e7626cef.jpeg,5.3
all_images/rank_1251_a827d91278e49372.jpeg,5.21
all_images/rank_584_b9f57294e52d4bd9.jpg,6.36
all_images/rank_1963_0278e05e1f5e3a12.jpeg,2.63
all_images/rank_67_1ca859b7eee9736b.jpg,8.19
all_images/rank_884_de6e619fb29c881f.jpeg,5.73
all_images/rank_1734_c9c5d9cbd86a72b4.jpeg,4.22
all_images/rank_1690_9f4f7d99871ba0c1.jpeg,4.27
all_images/rank_1280_fdbefda2b657c7e2.jpeg,5.1
all_images/rank_980_f206fad50a9ae14b.jpeg,5.64
all_images/rank_104_ec3f8874bf4b815a.jpeg,7.83
all_images/rank_812_1347e75bd650788e.jpeg,5.96
all_images/rank_1906_c7c7c36802d038a6.jpeg,3.5
all_images/rank_1341_5572f48efe330da3.jpeg,5.0
all_images/rank_925_d4bd182132e1dcc0.jpeg,5.68
all_images/rank_478_246ecfd5e14c5441.jpeg,6.63
all_images/rank_101_bc580662b22eaf47.jpeg,7.85
all_images/rank_713_f817dc6d0becea71.jpeg,6.09
all_images/rank_572_144a57f61e2730e7.jpg,6.37
all_images/rank_777_ae54ae55acacfaa9.jpeg,5.99
all_images/rank_1591_eabe580ba598793b.jpeg,4.59
all_images/rank_1933_d213d49e6cf7066d.jpeg,3.14
all_images/rank_802_43ddf438fb350305.jpeg,5.98
all_images/rank_1806_5c76f6099796b0e9.jpeg,3.96
all_images/rank_1636_4f5bc714fd0ff5a9.jpeg,4.46
all_images/rank_1774_d0679d817cfbec85.jpeg,4.11
all_images/rank_1825_6d04ccb9b49e93bb.jpeg,3.89
all_images/rank_82_030563b14782ab9b.png,7.95
all_images/rank_1641_21b7c102c289bd4d.jpg,4.43
all_images/rank_177_b3276a3592949de9.jpeg,7.44
all_images/rank_1154_e8b97824a8a95f96.jpeg,5.33
all_images/rank_493_53ed3a5ac396997e.jpeg,6.57
all_images/rank_1677_f5303e4a054bc0e5.jpeg,4.29
all_images/rank_1502_bf17acd13c01d7fb.jpeg,4.7
all_images/rank_1054_f9de24a75bdc6ed6.jpeg,5.47
all_images/rank_792_7499a4b889e57a2b.png,5.98
all_images/rank_1187_0478b243db63100b.jpeg,5.3
all_images/rank_16_73c7268fcc35f272.jpg,9.09
all_images/rank_1026_ed88fee1de03058a.jpeg,5.58
all_images/rank_404_e81851b8f2b60f26.jpeg,6.74
all_images/rank_1354_7493c88e3fd42bd6.jpeg,4.99
all_images/rank_1148_88642a6447ffe332.jpeg,5.33
all_images/rank_284_c7f0c731d8b8e804.jpg,7.06
all_images/rank_1006_970cd428b7682ac2.jpeg,5.62
all_images/rank_1049_67454d65bc678907.jpeg,5.52
all_images/rank_635_2bb9e7e9383dc7d2.jpg,6.31
all_images/rank_1628_0180232e7b9d9546.jpeg,4.5
all_images/rank_1170_9680734bded11f02.png,5.31
all_images/rank_1827_c400c581321727d0.png,3.88
all_images/rank_1305_3ccf562f00692651.jpeg,5.03
all_images/rank_1145_3926d6925947433b.jpeg,5.33
all_images/rank_1811_417028a96098bac8.jpeg,3.94
all_images/rank_1771_fb80922bec113952.jpeg,4.13
all_images/rank_1211_141291bdde38910a.jpeg,5.27
all_images/rank_1075_e09bf466e0feccc4.jpeg,5.4
all_images/rank_1139_9a35372ba0639e92.jpeg,5.33
all_images/rank_607_77f7735445b067bf.png,6.34
all_images/rank_1374_c40c9bdbad541211.jpeg,4.97
all_images/rank_1850_68f201e1b4cb1758.jpeg,3.79
all_images/rank_1527_678fceb43fe4d643.jpeg,4.66
all_images/rank_1739_dfd38c173dd5759d.jpeg,4.2
all_images/rank_1854_ccff4bb9d588be19.jpeg,3.78
all_images/rank_961_57834958abaa2eb5.jpeg,5.65
all_images/rank_1880_7c10551356c92d0a.jpeg,3.64
all_images/rank_1593_52df04e6c6728bc6.jpeg,4.58
all_images/rank_378_c8ada0fbc0fd8279.png,6.78
all_images/rank_1410_3bfee170fab38497.jpeg,4.93
all_images/rank_636_b5c388aca54c92fe.jpeg,6.31
all_images/rank_12_e3edc07dd73493cf.jpeg,9.17
all_images/rank_49_9a40ffd4d1eea7a1.jpeg,8.32
all_images/rank_1027_6e9d0367e222d190.jpeg,5.58
all_images/rank_1604_2d702cece9a71db2.jpg,4.57
all_images/rank_160_428fb33f86dcbc4c.jpg,7.48
all_images/rank_1845_d806a262e9038549.jpeg,3.8
all_images/rank_1500_74f6575fae80b46a.jpeg,4.7
all_images/rank_1752_f0be447ce2f87f86.jpeg,4.18
all_images/rank_1812_bc75e7fe34cac966.jpeg,3.94
all_images/rank_610_7da630920020e711.jpg,6.34
all_images/rank_698_51211c24073648d1.jpeg,6.13
all_images/rank_1375_9740e7a76a8334d9.jpeg,4.97
all_images/rank_657_334b882cb513be45.jpeg,6.3
all_images/rank_896_68706951f0009efd.jpeg,5.71
all_images/rank_56_b3e6a8e03bcdd636.jpeg,8.27
all_images/rank_1041_93199f5d8591e37b.jpg,5.55
all_images/rank_144_507887a605a47aea.jpeg,7.53
all_images/rank_1197_a5ec22f8a3cfd612.jpeg,5.29
all_images/rank_525_3450ba07db713ac0.jpeg,6.46
all_images/rank_1678_642b0fce50b3ae25.jpeg,4.29
all_images/rank_872_e330e2d964b6729b.jpeg,5.77
all_images/rank_287_4b4389719058f087.jpg,7.06
all_images/rank_1179_1acbf5cade4321e6.jpeg,5.3
all_images/rank_1052_668f4f5e01503532.jpeg,5.5
all_images/rank_1622_f11391dc09081ee1.jpeg,4.52
all_images/rank_715_b315b9d5acc5e640.jpeg,6.09
all_images/rank_1801_2f9475defb628da9.jpg,4.0
all_images/rank_704_67f00630ebf2c2c5.jpeg,6.11
all_images/rank_358_92aa5f5bdc8851ee.jpeg,6.85
all_images/rank_1355_67656b30887dd7db.jpg,4.99
all_images/rank_998_ea09358c33c5084d.jpeg,5.63
all_images/rank_1164_5405cade126cded2.jpeg,5.32
all_images/rank_449_8a41624faf681300.jpg,6.68
all_images/rank_557_a972c2ff44901b66.jpeg,6.39
all_images/rank_1716_f122dbefd8a70169.jpeg,4.25
all_images/rank_1838_f6d43ce9d74981e5.jpeg,3.84
all_images/rank_1521_8607fa92070113f3.jpeg,4.67
all_images/rank_1808_d1195fef83d27745.jpeg,3.95
all_images/rank_1582_37d41cfeb1bd50a7.jpeg,4.59
all_images/rank_1226_0d8b789be07cf17c.jpeg,5.25
all_images/rank_1568_3513ce023646ccd5.jpeg,4.61
all_images/rank_714_edb34d3f9003b695.jpeg,6.09
all_images/rank_1758_4ed2dc160ca449d4.jpeg,4.17
all_images/rank_1571_dc566b77dd607df1.jpeg,4.6
all_images/rank_1137_ed1024360e6e1a16.jpeg,5.33
all_images/rank_333_593e08cd9724036f.jpg,6.98
all_images/rank_1236_ed512a47530110b4.jpeg,5.23
all_images/rank_936_442159098b06bf6a.jpeg,5.68
all_images/rank_1508_a83ec0051f678109.jpeg,4.68
all_images/rank_733_a8331f82ba02ec99.jpeg,6.04
all_images/rank_340_db110bf1d9122f52.jpeg,6.97
all_images/rank_642_fa988d74c5816e30.jpeg,6.31
all_images/rank_773_f96c9a108fa8bc1a.jpeg,5.99
all_images/rank_1488_1e9494f7e62f0aef.jpeg,4.73
all_images/rank_1851_102ff18846b749e9.jpeg,3.79
all_images/rank_1208_bf0de9d89aa2a984.jpeg,5.28
all_images/rank_1325_020a19b6cc1dd3b4.jpeg,5.01
all_images/rank_1415_abf34bc60e26b883.jpeg,4.92
all_images/rank_1587_13f9323c528a5d90.jpeg,4.59
all_images/rank_1221_2f9a12ac70389479.jpeg,5.25
all_images/rank_123_73c2f5b065adb1ed.jpeg,7.75
all_images/rank_448_4c2db680d6875eea.jpeg,6.68
all_images/rank_1430_b73c44a5d0fcb079.jpeg,4.9
all_images/rank_1248_6b4833daf077f34c.jpeg,5.21
all_images/rank_148_766a03283c8054c0.jpg,7.51
all_images/rank_219_36c04227f8f4ba66.jpeg,7.26
all_images/rank_631_e690d5e5bb83ec16.jpeg,6.32
all_images/rank_499_b45a5b014836f838.jpeg,6.55
all_images/rank_1901_ce1c1fdce75495fe.jpeg,3.52
all_images/rank_1215_81fedacf7651394c.jpeg,5.26
all_images/rank_149_b4e9ae52dbc6a481.jpeg,7.51
all_images/rank_991_5a53dcbefdfac7ea.jpeg,5.63
all_images/rank_1128_c7f0206c8fb4f88c.jpeg,5.35
all_images/rank_399_d6d3fdb229a8c15a.jpg,6.75
all_images/rank_901_e3d17220d51130c0.jpg,5.7
all_images/rank_1959_14b4b2e6b785fda1.jpeg,2.72
all_images/rank_1240_e80404630d309871.jpeg,5.23
all_images/rank_1940_55cf0f69c570701d.jpeg,3.06
all_images/rank_1114_2ce9884692c62c7d.jpeg,5.35
all_images/rank_483_d36095bc85efc284.jpg,6.62
all_images/rank_871_0365a691ed8ea46f.jpeg,5.77
all_images/rank_1693_aa14a9e1443cac55.jpeg,4.27
all_images/rank_753_a1ee05f2a20380a4.jpeg,6.01
all_images/rank_452_a3dbf411d0acc165.jpeg,6.67
all_images/rank_1299_ff8672af837f0ac1.jpeg,5.04
all_images/rank_315_5d8ca43a88c96fb4.jpg,7.02
all_images/rank_1459_991a93eca234d642.jpeg,4.82
all_images/rank_1810_f8b4541696560c19.jpeg,3.95
all_images/rank_1345_e27e9f01d480f81c.jpeg,5.0
all_images/rank_528_cdabbe2458f0d06c.jpg,6.44
all_images/rank_541_8f7887b9fbbb7383.jpeg,6.41
all_images/rank_172_96ae074fb02c17f1.jpeg,7.46
all_images/rank_783_16ecba138dcde52f.jpeg,5.99
all_images/rank_1576_faf01949f6d43da1.jpeg,4.6
all_images/rank_247_74dc09f4f10e6e0c.jpg,7.14
all_images/rank_718_d169405d9de89d21.jpeg,6.06
all_images/rank_1088_24017cc94497ab54.jpeg,5.38
all_images/rank_959_f57e7fa16fa5d0b4.jpeg,5.66
all_images/rank_1477_6e92c5838b81a1a8.jpeg,4.76
all_images/rank_373_e42caaad2dc6e824.jpeg,6.79
all_images/rank_1608_a6f2b9470d333655.jpeg,4.56
all_images/rank_485_e0fa10810dd813be.jpeg,6.61
all_images/rank_734_3e8a99922ddc6316.png,6.04
all_images/rank_1523_200f027234768b7a.jpeg,4.67
all_images/rank_1312_ec7f69e97d46e6d0.jpeg,5.02
all_images/rank_1735_8af0d48222dbb756.png,4.22
all_images/rank_1411_1bc681f5d4f57606.jpeg,4.93
all_images/rank_1871_dd84f11c0d3bc611.jpeg,3.69
all_images/rank_464_e2c98bf92897b0a5.jpeg,6.65
all_images/rank_958_8fa2f8f6251c13df.jpeg,5.66
all_images/rank_1393_274ff80b6b5537ae.png,4.94
all_images/rank_1186_e5ef29e5329ab965.jpeg,5.3
all_images/rank_1965_cd6d4d821dcb4b1a.jpeg,2.54
all_images/rank_667_0936861216c8e626.jpg,6.29
all_images/rank_182_9e4c5dac430a540d.jpg,7.43
all_images/rank_17_42360f3864568f77.jpg,8.95
all_images/rank_1770_486108c5abcbcded.jpeg,4.13
all_images/rank_245_9b94ae09c8756a23.jpeg,7.14
all_images/rank_1428_a2a12527d74a83af.jpeg,4.91
all_images/rank_1598_2d9c7159ffea9723.jpeg,4.57
all_images/rank_1826_37de25e212063b51.jpeg,3.89
all_images/rank_1315_43e344b7ef4ce578.jpeg,5.02
all_images/rank_1152_da1b2269a87f6823.jpeg,5.33
all_images/rank_1522_4d9e3eb328457d37.png,4.67
all_images/rank_1108_610a8d7eeb6186ce.jpeg,5.36
all_images/rank_947_654e3c74355c830f.jpeg,5.67
all_images/rank_1285_0497d1642a52bbfd.jpeg,5.07
all_images/rank_385_5d4064b46a884b76.jpeg,6.76
all_images/rank_1556_a388eed5044c81ad.jpeg,4.63
all_images/rank_1525_f85de8da68bfe761.jpeg,4.67
all_images/rank_228_4d6478bba34131d9.png,7.18
all_images/rank_370_f7a1a897fdabd88b.jpeg,6.79
all_images/rank_1269_443466111614a500.jpeg,5.15
all_images/rank_567_6532dfd65624a9da.jpeg,6.37
all_images/rank_190_e5d0ae9018965b9d.jpeg,7.41
all_images/rank_165_2d727b0c96a7b1ea.jpeg,7.47
all_images/rank_34_7788cace14596f5a.jpeg,8.51
all_images/rank_571_0b6c092b508588e2.jpeg,6.37
all_images/rank_1266_b00effdb4d176432.jpeg,5.16
all_images/rank_946_2b33e2c0a233450f.jpeg,5.67
all_images/rank_838_c859e45e37a5747b.jpg,5.92
all_images/rank_565_0947c505b5342c65.jpeg,6.37
all_images/rank_215_8afb16b95022bf97.jpg,7.28
all_images/rank_500_679ce530111c49ad.jpeg,6.55
all_images/rank_1389_aa8d272040c8f08f.jpeg,4.95
all_images/rank_1435_3e6a8e693733d232.jpeg,4.9
all_images/rank_666_22254569ed7bfb4a.jpeg,6.29
all_images/rank_1496_db753a4ef86f7562.jpeg,4.7
all_images/rank_1471_551b2989d98007dc.jpeg,4.77
all_images/rank_1369_64ebbfe23da88459.jpeg,4.97
all_images/rank_686_fa45c14d14bd0f70.jpeg,6.22
all_images/rank_1751_faeb8b64f08fae81.jpeg,4.18
all_images/rank_397_d5dde017f42cdc4a.jpeg,6.75
all_images/rank_183_fddb6bb5388d17d0.jpeg,7.42
all_images/rank_1975_e12b757f31a7ff68.jpeg,2.19
all_images/rank_1317_67f68ff3167ee2e0.jpeg,5.02
all_images/rank_576_fb7776695a19756a.jpeg,6.37
all_images/rank_582_2e6b71d4eb45f2ad.jpg,6.36
all_images/rank_1877_ba213236df3e7bbe.jpeg,3.66
all_images/rank_113_f00f5f2e0066f707.jpg,7.8
all_images/rank_1708_e06822c2d8139881.png,4.26
all_images/rank_441_cba8da28dbadffbd.jpg,6.69
all_images/rank_155_663ff119aa62d4e1.jpeg,7.49
all_images/rank_1800_0ab2afffe12c9683.jpeg,4.0
all_images/rank_1541_2207d335df131a72.jpeg,4.64
all_images/rank_566_68ae3d0d4ed01fab.jpg,6.37
all_images/rank_337_6f0ac4033f6e64a2.jpeg,6.97
all_images/rank_1357_d32010b1413138d4.jpeg,4.98
all_images/rank_470_edb5e56011c6f3a2.jpg,6.64
all_images/rank_1383_d44933591e8a053f.jpeg,4.96
all_images/rank_1228_200b8253a2f8767d.jpeg,5.25
all_images/rank_707_2c69dbecbe69a760.png,6.1
all_images/rank_1978_ed6fafab61cab340.jpeg,2.01
all_images/rank_776_2e20bdabfa890c16.jpeg,5.99
all_images/rank_837_640f84de4525f10f.jpg,5.93
all_images/rank_1703_0b6ef37e6be85479.jpeg,4.26
all_images/rank_817_296b310d8349d691.jpeg,5.96
all_images/rank_1595_b3b3561bef235c12.jpeg,4.58
all_images/rank_915_db9a3bf48406d109.jpeg,5.69
all_images/rank_455_bd66caac007762aa.png,6.66
all_images/rank_1542_52a4d92aa3b0c2eb.png,4.64
all_images/rank_1422_e18b8e0ea0826a83.jpeg,4.91
all_images/rank_151_7531334beb0ed6d3.jpeg,7.5
all_images/rank_1657_fa22be167aeede8a.jpeg,4.34
